<?xml version="1.0" encoding="US-ASCII" standalone="yes"?><?mso-application progid="Excel.Sheet"?><Workbook xmlns="urn:schemas-microsoft-com:office:spreadsheet" xmlns:o="urn:schemas-microsoft-com:office:office" xmlns:x="urn:schemas-microsoft-com:office:excel" xmlns:ss="urn:schemas-microsoft-com:office:spreadsheet" xmlns:html="http://www.w3.org/TR/REC-html40"><DocumentProperties xmlns="urn:schemas-microsoft-com:office:office"><Author></Author><LastAuthor></LastAuthor><Created></Created><LastSaved></LastSaved><Company></Company><Version></Version></DocumentProperties><ExcelWorkbook  xmlns="urn:schemas-microsoft-com:office:excel"><ProtectStructure>False</ProtectStructure><ProtectWindows>False</ProtectWindows></ExcelWorkbook><Styles><Style ss:ID="Default" ss:Name="Normal"><Alignment ss:Vertical="Bottom"/><Borders/><Font ss:FontName="Calibri" ss:Size="10"/><Interior/><NumberFormat/><Protection/></Style><Style ss:ID="s1"><Font ss:FontName="Calibri" ss:Bold="1" ss:Size="12"/><NumberFormat/></Style><Style ss:ID="s21"><Alignment ss:Horizontal="Center" ss:Vertical="Bottom"/><NumberFormat/><Font ss:FontName="Calibri" ss:Size="10"/><Borders><Border ss:Position="Top" ss:LineStyle="Continuous" ss:Weight="1"/></Borders></Style><Style ss:ID="s22"><Alignment ss:Horizontal="Center" ss:Vertical="Bottom"/><Font ss:FontName="Calibri" ss:Size="10"/><NumberFormat/></Style><Style ss:ID="s23"><Alignment ss:Horizontal="Center" ss:Vertical="Bottom"/><NumberFormat/><Font ss:FontName="Calibri" ss:Size="10"/><Borders><Border ss:Position="Bottom" ss:LineStyle="Continuous" ss:Weight="1"/></Borders></Style><Style ss:ID="s24"><Font ss:FontName="Calibri" ss:Size="10"/><NumberFormat/></Style><Style ss:ID="s31"><Font ss:FontName="Calibri" ss:Size="10"/><Borders><Border ss:Position="Top" ss:LineStyle="Continuous" ss:Weight="1"/></Borders></Style><Style ss:ID="s32"><Font ss:FontName="Calibri" ss:Size="10"/><Borders/></Style><Style ss:ID="s33"><Font ss:FontName="Calibri" ss:Size="10"/><Borders><Border ss:Position="Bottom" ss:LineStyle="Continuous" ss:Weight="1"/></Borders></Style></Styles><Names></Names><Worksheet ss:Name="Sheet1"><Table ss:ExpandedColumnCount="9" ss:ExpandedRowCount="14" x:FullColumns="1" x:FullRows="1"><Column ss:AutoFitWidth="0" ss:Width="72"/><Column ss:AutoFitWidth="0" ss:Width="58"/><Column ss:AutoFitWidth="0" ss:Width="58"/><Column ss:AutoFitWidth="0" ss:Width="58"/><Column ss:AutoFitWidth="0" ss:Width="58"/><Column ss:AutoFitWidth="0" ss:Width="58"/><Column ss:AutoFitWidth="0" ss:Width="58"/><Column ss:AutoFitWidth="0" ss:Width="58"/><Column ss:AutoFitWidth="0" ss:Width="58"/><Row></Row><Row><Cell ss:StyleID="s31"><Data ss:Type="String"></Data></Cell><Cell ss:StyleID="s21"><Data ss:Type="String">(1)</Data></Cell><Cell ss:StyleID="s21"><Data ss:Type="String">(2)</Data></Cell><Cell ss:StyleID="s21"><Data ss:Type="String">(3)</Data></Cell><Cell ss:StyleID="s21"><Data ss:Type="String">(4)</Data></Cell><Cell ss:StyleID="s21"><Data ss:Type="String">(5)</Data></Cell><Cell ss:StyleID="s21"><Data ss:Type="String">(6)</Data></Cell><Cell ss:StyleID="s21"><Data ss:Type="String">(7)</Data></Cell><Cell ss:StyleID="s21"><Data ss:Type="String">(8)</Data></Cell></Row><Row><Cell ss:StyleID="s32"><Data ss:Type="String">VARIABLES</Data></Cell><Cell ss:StyleID="s22"><Data ss:Type="String">Endline. Monthly income</Data></Cell><Cell ss:StyleID="s22"><Data ss:Type="String">Endline. Monthly income</Data></Cell><Cell ss:StyleID="s22"><Data ss:Type="String">Endline. Monthly income</Data></Cell><Cell ss:StyleID="s22"><Data ss:Type="String">Endline. Monthly income</Data></Cell><Cell ss:StyleID="s22"><Data ss:Type="String">Endline. Hourly income</Data></Cell><Cell ss:StyleID="s22"><Data ss:Type="String">Endline. Hourly income</Data></Cell><Cell ss:StyleID="s22"><Data ss:Type="String">Endline. Hourly income</Data></Cell><Cell ss:StyleID="s22"><Data ss:Type="String">Endline. Hourly income</Data></Cell></Row><Row><Cell ss:StyleID="s31"><Data ss:Type="String"></Data></Cell><Cell ss:StyleID="s21"><Data ss:Type="String"></Data></Cell><Cell ss:StyleID="s21"><Data ss:Type="String"></Data></Cell><Cell ss:StyleID="s21"><Data ss:Type="String"></Data></Cell><Cell ss:StyleID="s21"><Data ss:Type="String"></Data></Cell><Cell ss:StyleID="s21"><Data ss:Type="String"></Data></Cell><Cell ss:StyleID="s21"><Data ss:Type="String"></Data></Cell><Cell ss:StyleID="s21"><Data ss:Type="String"></Data></Cell><Cell ss:StyleID="s21"><Data ss:Type="String"></Data></Cell></Row><Row><Cell ss:StyleID="s32"><Data ss:Type="String">lower</Data></Cell><Cell ss:StyleID="s22"><Data ss:Type="String">-37.065</Data></Cell><Cell ss:StyleID="s22"><Data ss:Type="String">-15.808</Data></Cell><Cell ss:StyleID="s22"><Data ss:Type="String">-32.604</Data></Cell><Cell ss:StyleID="s22"><Data ss:Type="String">-37.826</Data></Cell><Cell ss:StyleID="s22"><Data ss:Type="String">-0.263</Data></Cell><Cell ss:StyleID="s22"><Data ss:Type="String">-0.554</Data></Cell><Cell ss:StyleID="s22"><Data ss:Type="String">-0.241</Data></Cell><Cell ss:StyleID="s22"><Data ss:Type="String">-0.007</Data></Cell></Row><Row><Cell ss:StyleID="s32"><Data ss:Type="String"></Data></Cell><Cell ss:StyleID="s22"><Data ss:Type="String">(30.393)</Data></Cell><Cell ss:StyleID="s22"><Data ss:Type="String">(70.078)</Data></Cell><Cell ss:StyleID="s22"><Data ss:Type="String">(22.615)</Data></Cell><Cell ss:StyleID="s22"><Data ss:Type="String">(50.582)</Data></Cell><Cell ss:StyleID="s22"><Data ss:Type="String">(0.498)</Data></Cell><Cell ss:StyleID="s22"><Data ss:Type="String">(1.653)</Data></Cell><Cell ss:StyleID="s22"><Data ss:Type="String">(0.275)</Data></Cell><Cell ss:StyleID="s22"><Data ss:Type="String">(1.077)</Data></Cell></Row><Row><Cell ss:StyleID="s32"><Data ss:Type="String">upper</Data></Cell><Cell ss:StyleID="s22"><Data ss:Type="String">20.765</Data></Cell><Cell ss:StyleID="s22"><Data ss:Type="String">106.421</Data></Cell><Cell ss:StyleID="s22"><Data ss:Type="String">23.523</Data></Cell><Cell ss:StyleID="s22"><Data ss:Type="String">10.015</Data></Cell><Cell ss:StyleID="s22"><Data ss:Type="String">0.319</Data></Cell><Cell ss:StyleID="s22"><Data ss:Type="String">1.079</Data></Cell><Cell ss:StyleID="s22"><Data ss:Type="String">0.224</Data></Cell><Cell ss:StyleID="s22"><Data ss:Type="String">2.319**</Data></Cell></Row><Row><Cell ss:StyleID="s32"><Data ss:Type="String"></Data></Cell><Cell ss:StyleID="s22"><Data ss:Type="String">(30.933)</Data></Cell><Cell ss:StyleID="s22"><Data ss:Type="String">(90.056)</Data></Cell><Cell ss:StyleID="s22"><Data ss:Type="String">(20.598)</Data></Cell><Cell ss:StyleID="s22"><Data ss:Type="String">(49.438)</Data></Cell><Cell ss:StyleID="s22"><Data ss:Type="String">(0.373)</Data></Cell><Cell ss:StyleID="s22"><Data ss:Type="String">(1.529)</Data></Cell><Cell ss:StyleID="s22"><Data ss:Type="String">(0.183)</Data></Cell><Cell ss:StyleID="s22"><Data ss:Type="String">(1.148)</Data></Cell></Row><Row><Cell ss:StyleID="s32"><Data ss:Type="String"></Data></Cell><Cell ss:StyleID="s22"><Data ss:Type="String"></Data></Cell><Cell ss:StyleID="s22"><Data ss:Type="String"></Data></Cell><Cell ss:StyleID="s22"><Data ss:Type="String"></Data></Cell><Cell ss:StyleID="s22"><Data ss:Type="String"></Data></Cell><Cell ss:StyleID="s22"><Data ss:Type="String"></Data></Cell><Cell ss:StyleID="s22"><Data ss:Type="String"></Data></Cell><Cell ss:StyleID="s22"><Data ss:Type="String"></Data></Cell><Cell ss:StyleID="s22"><Data ss:Type="String"></Data></Cell></Row><Row><Cell ss:StyleID="s32"><Data ss:Type="String">Observations</Data></Cell><Cell ss:StyleID="s22"><Data ss:Type="String">354</Data></Cell><Cell ss:StyleID="s22"><Data ss:Type="String">70</Data></Cell><Cell ss:StyleID="s22"><Data ss:Type="String">1,141</Data></Cell><Cell ss:StyleID="s22"><Data ss:Type="String">187</Data></Cell><Cell ss:StyleID="s22"><Data ss:Type="String">354</Data></Cell><Cell ss:StyleID="s22"><Data ss:Type="String">70</Data></Cell><Cell ss:StyleID="s22"><Data ss:Type="String">1,141</Data></Cell><Cell ss:StyleID="s22"><Data ss:Type="String">187</Data></Cell></Row><Row><Cell ss:StyleID="s32"><Data ss:Type="String">CI low</Data></Cell><Cell ss:StyleID="s22"><Data ss:Type="String">-87.12</Data></Cell><Cell ss:StyleID="s22"><Data ss:Type="String">-132</Data></Cell><Cell ss:StyleID="s22"><Data ss:Type="String">-69.80</Data></Cell><Cell ss:StyleID="s22"><Data ss:Type="String">-123.2</Data></Cell><Cell ss:StyleID="s22"><Data ss:Type="String">-1.093</Data></Cell><Cell ss:StyleID="s22"><Data ss:Type="String">-3.335</Data></Cell><Cell ss:StyleID="s22"><Data ss:Type="String">-0.694</Data></Cell><Cell ss:StyleID="s22"><Data ss:Type="String">-1.778</Data></Cell></Row><Row><Cell ss:StyleID="s33"><Data ss:Type="String">CI Up</Data></Cell><Cell ss:StyleID="s23"><Data ss:Type="String">71.71</Data></Cell><Cell ss:StyleID="s23"><Data ss:Type="String">255.7</Data></Cell><Cell ss:StyleID="s23"><Data ss:Type="String">57.40</Data></Cell><Cell ss:StyleID="s23"><Data ss:Type="String">93.41</Data></Cell><Cell ss:StyleID="s23"><Data ss:Type="String">0.941</Data></Cell><Cell ss:StyleID="s23"><Data ss:Type="String">3.652</Data></Cell><Cell ss:StyleID="s23"><Data ss:Type="String">0.525</Data></Cell><Cell ss:StyleID="s23"><Data ss:Type="String">4.209</Data></Cell></Row><Row><Cell ss:StyleID="s24"><Data ss:Type="String">Standard errors in parentheses</Data></Cell></Row><Row><Cell ss:StyleID="s24"><Data ss:Type="String">*** p&lt;0.01, ** p&lt;0.05, * p&lt;0.1</Data></Cell></Row></Table><WorksheetOptions xmlns="urn:schemas-microsoft-com:office:excel"><ProtectedObjects>False</ProtectedObjects><ProtectedScenarios>False</ProtectedScenarios></WorksheetOptions></Worksheet></Workbook>