<?xml version="1.0" encoding="US-ASCII" standalone="yes"?><?mso-application progid="Excel.Sheet"?><Workbook xmlns="urn:schemas-microsoft-com:office:spreadsheet" xmlns:o="urn:schemas-microsoft-com:office:office" xmlns:x="urn:schemas-microsoft-com:office:excel" xmlns:ss="urn:schemas-microsoft-com:office:spreadsheet" xmlns:html="http://www.w3.org/TR/REC-html40"><DocumentProperties xmlns="urn:schemas-microsoft-com:office:office"><Author></Author><LastAuthor></LastAuthor><Created></Created><LastSaved></LastSaved><Company></Company><Version></Version></DocumentProperties><ExcelWorkbook  xmlns="urn:schemas-microsoft-com:office:excel"><ProtectStructure>False</ProtectStructure><ProtectWindows>False</ProtectWindows></ExcelWorkbook><Styles><Style ss:ID="Default" ss:Name="Normal"><Alignment ss:Vertical="Bottom"/><Borders/><Font ss:FontName="Calibri" ss:Size="10"/><Interior/><NumberFormat/><Protection/></Style><Style ss:ID="s1"><Font ss:FontName="Calibri" ss:Bold="1" ss:Size="12"/><NumberFormat/></Style><Style ss:ID="s21"><Alignment ss:Horizontal="Center" ss:Vertical="Bottom"/><NumberFormat/><Font ss:FontName="Calibri" ss:Size="10"/><Borders><Border ss:Position="Top" ss:LineStyle="Continuous" ss:Weight="1"/></Borders></Style><Style ss:ID="s22"><Alignment ss:Horizontal="Center" ss:Vertical="Bottom"/><Font ss:FontName="Calibri" ss:Size="10"/><NumberFormat/></Style><Style ss:ID="s23"><Alignment ss:Horizontal="Center" ss:Vertical="Bottom"/><NumberFormat/><Font ss:FontName="Calibri" ss:Size="10"/><Borders><Border ss:Position="Bottom" ss:LineStyle="Continuous" ss:Weight="1"/></Borders></Style><Style ss:ID="s24"><Font ss:FontName="Calibri" ss:Size="10"/><NumberFormat/></Style><Style ss:ID="s31"><Font ss:FontName="Calibri" ss:Size="10"/><Borders><Border ss:Position="Top" ss:LineStyle="Continuous" ss:Weight="1"/></Borders></Style><Style ss:ID="s32"><Font ss:FontName="Calibri" ss:Size="10"/><Borders/></Style><Style ss:ID="s33"><Font ss:FontName="Calibri" ss:Size="10"/><Borders><Border ss:Position="Bottom" ss:LineStyle="Continuous" ss:Weight="1"/></Borders></Style></Styles><Names></Names><Worksheet ss:Name="Sheet1"><Table ss:ExpandedColumnCount="7" ss:ExpandedRowCount="24" x:FullColumns="1" x:FullRows="1"><Column ss:AutoFitWidth="0" ss:Width="256"/><Column ss:AutoFitWidth="0" ss:Width="58"/><Column ss:AutoFitWidth="0" ss:Width="58"/><Column ss:AutoFitWidth="0" ss:Width="58"/><Column ss:AutoFitWidth="0" ss:Width="58"/><Column ss:AutoFitWidth="0" ss:Width="58"/><Column ss:AutoFitWidth="0" ss:Width="58"/><Row></Row><Row><Cell ss:StyleID="s31"><Data ss:Type="String"></Data></Cell><Cell ss:StyleID="s21"><Data ss:Type="String">(1)</Data></Cell><Cell ss:StyleID="s21"><Data ss:Type="String">(2)</Data></Cell><Cell ss:StyleID="s21"><Data ss:Type="String">(3)</Data></Cell><Cell ss:StyleID="s21"><Data ss:Type="String">(4)</Data></Cell><Cell ss:StyleID="s21"><Data ss:Type="String">(5)</Data></Cell><Cell ss:StyleID="s21"><Data ss:Type="String">(6)</Data></Cell></Row><Row><Cell ss:StyleID="s32"><Data ss:Type="String">VARIABLES</Data></Cell><Cell ss:StyleID="s22"><Data ss:Type="String">Endline. Annual Expenses in Education</Data></Cell><Cell ss:StyleID="s22"><Data ss:Type="String">Endline. Food Expenses</Data></Cell><Cell ss:StyleID="s22"><Data ss:Type="String">Endline. Child Clothing Expenses</Data></Cell><Cell ss:StyleID="s22"><Data ss:Type="String">Endline. Female Clothing Expenses</Data></Cell><Cell ss:StyleID="s22"><Data ss:Type="String">Endline. Male Clothing Expenses</Data></Cell><Cell ss:StyleID="s22"><Data ss:Type="String">Endline. Other Expenses</Data></Cell></Row><Row><Cell ss:StyleID="s31"><Data ss:Type="String"></Data></Cell><Cell ss:StyleID="s21"><Data ss:Type="String"></Data></Cell><Cell ss:StyleID="s21"><Data ss:Type="String"></Data></Cell><Cell ss:StyleID="s21"><Data ss:Type="String"></Data></Cell><Cell ss:StyleID="s21"><Data ss:Type="String"></Data></Cell><Cell ss:StyleID="s21"><Data ss:Type="String"></Data></Cell><Cell ss:StyleID="s21"><Data ss:Type="String"></Data></Cell></Row><Row><Cell ss:StyleID="s32"><Data ss:Type="String">T * Works LB and &lt;= 5</Data></Cell><Cell ss:StyleID="s22"><Data ss:Type="String">2.41</Data></Cell><Cell ss:StyleID="s22"><Data ss:Type="String">6.05</Data></Cell><Cell ss:StyleID="s22"><Data ss:Type="String">15.48</Data></Cell><Cell ss:StyleID="s22"><Data ss:Type="String">6.38*</Data></Cell><Cell ss:StyleID="s22"><Data ss:Type="String">2.72</Data></Cell><Cell ss:StyleID="s22"><Data ss:Type="String">19.23</Data></Cell></Row><Row><Cell ss:StyleID="s32"><Data ss:Type="String"></Data></Cell><Cell ss:StyleID="s22"><Data ss:Type="String">(5.42)</Data></Cell><Cell ss:StyleID="s22"><Data ss:Type="String">(11.59)</Data></Cell><Cell ss:StyleID="s22"><Data ss:Type="String">(9.98)</Data></Cell><Cell ss:StyleID="s22"><Data ss:Type="String">(3.18)</Data></Cell><Cell ss:StyleID="s22"><Data ss:Type="String">(3.03)</Data></Cell><Cell ss:StyleID="s22"><Data ss:Type="String">(11.46)</Data></Cell></Row><Row><Cell ss:StyleID="s32"><Data ss:Type="String">T * Does not Wo LB and &lt;= 5</Data></Cell><Cell ss:StyleID="s22"><Data ss:Type="String">0.83</Data></Cell><Cell ss:StyleID="s22"><Data ss:Type="String">-4.53</Data></Cell><Cell ss:StyleID="s22"><Data ss:Type="String">-38.43</Data></Cell><Cell ss:StyleID="s22"><Data ss:Type="String">-3.57</Data></Cell><Cell ss:StyleID="s22"><Data ss:Type="String">1.28</Data></Cell><Cell ss:StyleID="s22"><Data ss:Type="String">-18.84</Data></Cell></Row><Row><Cell ss:StyleID="s32"><Data ss:Type="String"></Data></Cell><Cell ss:StyleID="s22"><Data ss:Type="String">(14.26)</Data></Cell><Cell ss:StyleID="s22"><Data ss:Type="String">(21.88)</Data></Cell><Cell ss:StyleID="s22"><Data ss:Type="String">(32.52)</Data></Cell><Cell ss:StyleID="s22"><Data ss:Type="String">(6.97)</Data></Cell><Cell ss:StyleID="s22"><Data ss:Type="String">(3.05)</Data></Cell><Cell ss:StyleID="s22"><Data ss:Type="String">(23.90)</Data></Cell></Row><Row><Cell ss:StyleID="s32"><Data ss:Type="String">T * Works LB and &gt; 5</Data></Cell><Cell ss:StyleID="s22"><Data ss:Type="String">6.42</Data></Cell><Cell ss:StyleID="s22"><Data ss:Type="String">-12.31</Data></Cell><Cell ss:StyleID="s22"><Data ss:Type="String">-34.55</Data></Cell><Cell ss:StyleID="s22"><Data ss:Type="String">2.75</Data></Cell><Cell ss:StyleID="s22"><Data ss:Type="String">-0.37</Data></Cell><Cell ss:StyleID="s22"><Data ss:Type="String">-7.81</Data></Cell></Row><Row><Cell ss:StyleID="s32"><Data ss:Type="String"></Data></Cell><Cell ss:StyleID="s22"><Data ss:Type="String">(4.63)</Data></Cell><Cell ss:StyleID="s22"><Data ss:Type="String">(10.34)</Data></Cell><Cell ss:StyleID="s22"><Data ss:Type="String">(36.57)</Data></Cell><Cell ss:StyleID="s22"><Data ss:Type="String">(1.99)</Data></Cell><Cell ss:StyleID="s22"><Data ss:Type="String">(1.32)</Data></Cell><Cell ss:StyleID="s22"><Data ss:Type="String">(9.06)</Data></Cell></Row><Row><Cell ss:StyleID="s32"><Data ss:Type="String">T * Does not Wo LB and &gt; 5</Data></Cell><Cell ss:StyleID="s22"><Data ss:Type="String">12.39</Data></Cell><Cell ss:StyleID="s22"><Data ss:Type="String">17.79</Data></Cell><Cell ss:StyleID="s22"><Data ss:Type="String">13.19</Data></Cell><Cell ss:StyleID="s22"><Data ss:Type="String">3.96</Data></Cell><Cell ss:StyleID="s22"><Data ss:Type="String">-1.75</Data></Cell><Cell ss:StyleID="s22"><Data ss:Type="String">22.80*</Data></Cell></Row><Row><Cell ss:StyleID="s32"><Data ss:Type="String"></Data></Cell><Cell ss:StyleID="s22"><Data ss:Type="String">(10.67)</Data></Cell><Cell ss:StyleID="s22"><Data ss:Type="String">(15.35)</Data></Cell><Cell ss:StyleID="s22"><Data ss:Type="String">(10.09)</Data></Cell><Cell ss:StyleID="s22"><Data ss:Type="String">(4.29)</Data></Cell><Cell ss:StyleID="s22"><Data ss:Type="String">(4.40)</Data></Cell><Cell ss:StyleID="s22"><Data ss:Type="String">(12.59)</Data></Cell></Row><Row><Cell ss:StyleID="s32"><Data ss:Type="String"></Data></Cell><Cell ss:StyleID="s22"><Data ss:Type="String"></Data></Cell><Cell ss:StyleID="s22"><Data ss:Type="String"></Data></Cell><Cell ss:StyleID="s22"><Data ss:Type="String"></Data></Cell><Cell ss:StyleID="s22"><Data ss:Type="String"></Data></Cell><Cell ss:StyleID="s22"><Data ss:Type="String"></Data></Cell><Cell ss:StyleID="s22"><Data ss:Type="String"></Data></Cell></Row><Row><Cell ss:StyleID="s32"><Data ss:Type="String">Observations</Data></Cell><Cell ss:StyleID="s22"><Data ss:Type="String">1,639</Data></Cell><Cell ss:StyleID="s22"><Data ss:Type="String">1,731</Data></Cell><Cell ss:StyleID="s22"><Data ss:Type="String">1,670</Data></Cell><Cell ss:StyleID="s22"><Data ss:Type="String">1,651</Data></Cell><Cell ss:StyleID="s22"><Data ss:Type="String">1,613</Data></Cell><Cell ss:StyleID="s22"><Data ss:Type="String">1,594</Data></Cell></Row><Row><Cell ss:StyleID="s32"><Data ss:Type="String">R-squared</Data></Cell><Cell ss:StyleID="s22"><Data ss:Type="String">0.109</Data></Cell><Cell ss:StyleID="s22"><Data ss:Type="String">0.160</Data></Cell><Cell ss:StyleID="s22"><Data ss:Type="String">0.019</Data></Cell><Cell ss:StyleID="s22"><Data ss:Type="String">0.099</Data></Cell><Cell ss:StyleID="s22"><Data ss:Type="String">0.108</Data></Cell><Cell ss:StyleID="s22"><Data ss:Type="String">0.178</Data></Cell></Row><Row><Cell ss:StyleID="s32"><Data ss:Type="String">Works LB and &lt;= 5</Data></Cell><Cell ss:StyleID="s22"><Data ss:Type="String">52.33</Data></Cell><Cell ss:StyleID="s22"><Data ss:Type="String">210.48</Data></Cell><Cell ss:StyleID="s22"><Data ss:Type="String">33.38</Data></Cell><Cell ss:StyleID="s22"><Data ss:Type="String">15.70</Data></Cell><Cell ss:StyleID="s22"><Data ss:Type="String">11.00</Data></Cell><Cell ss:StyleID="s22"><Data ss:Type="String">160.79</Data></Cell></Row><Row><Cell ss:StyleID="s32"><Data ss:Type="String">Does not Wo LB and &lt;= 5</Data></Cell><Cell ss:StyleID="s22"><Data ss:Type="String">53.25</Data></Cell><Cell ss:StyleID="s22"><Data ss:Type="String">220.43</Data></Cell><Cell ss:StyleID="s22"><Data ss:Type="String">59.08</Data></Cell><Cell ss:StyleID="s22"><Data ss:Type="String">19.72</Data></Cell><Cell ss:StyleID="s22"><Data ss:Type="String">13.12</Data></Cell><Cell ss:StyleID="s22"><Data ss:Type="String">196.34</Data></Cell></Row><Row><Cell ss:StyleID="s32"><Data ss:Type="String">Works LB and &gt; 5</Data></Cell><Cell ss:StyleID="s22"><Data ss:Type="String">47.38</Data></Cell><Cell ss:StyleID="s22"><Data ss:Type="String">232.28</Data></Cell><Cell ss:StyleID="s22"><Data ss:Type="String">74.42</Data></Cell><Cell ss:StyleID="s22"><Data ss:Type="String">18.46</Data></Cell><Cell ss:StyleID="s22"><Data ss:Type="String">12.32</Data></Cell><Cell ss:StyleID="s22"><Data ss:Type="String">190.48</Data></Cell></Row><Row><Cell ss:StyleID="s32"><Data ss:Type="String">Does not Wo LB and &gt; 5</Data></Cell><Cell ss:StyleID="s22"><Data ss:Type="String">43.54</Data></Cell><Cell ss:StyleID="s22"><Data ss:Type="String">209.94</Data></Cell><Cell ss:StyleID="s22"><Data ss:Type="String">34.86</Data></Cell><Cell ss:StyleID="s22"><Data ss:Type="String">15.45</Data></Cell><Cell ss:StyleID="s22"><Data ss:Type="String">20.22</Data></Cell><Cell ss:StyleID="s22"><Data ss:Type="String">152.96</Data></Cell></Row><Row><Cell ss:StyleID="s32"><Data ss:Type="String">Test F (all equal):</Data></Cell><Cell ss:StyleID="s22"><Data ss:Type="String">0.80</Data></Cell><Cell ss:StyleID="s22"><Data ss:Type="String">0.08</Data></Cell><Cell ss:StyleID="s22"><Data ss:Type="String">0.16</Data></Cell><Cell ss:StyleID="s22"><Data ss:Type="String">0.29</Data></Cell><Cell ss:StyleID="s22"><Data ss:Type="String">0.44</Data></Cell><Cell ss:StyleID="s22"><Data ss:Type="String">0.05</Data></Cell></Row><Row><Cell ss:StyleID="s32"><Data ss:Type="String">Test F (baby coeff equal):</Data></Cell><Cell ss:StyleID="s22"><Data ss:Type="String">0.93</Data></Cell><Cell ss:StyleID="s22"><Data ss:Type="String">0.67</Data></Cell><Cell ss:StyleID="s22"><Data ss:Type="String">0.11</Data></Cell><Cell ss:StyleID="s22"><Data ss:Type="String">0.14</Data></Cell><Cell ss:StyleID="s22"><Data ss:Type="String">0.78</Data></Cell><Cell ss:StyleID="s22"><Data ss:Type="String">0.19</Data></Cell></Row><Row><Cell ss:StyleID="s33"><Data ss:Type="String">Test F (H0: strata1_2 different strata 3_4):</Data></Cell><Cell ss:StyleID="s23"><Data ss:Type="String">0.49</Data></Cell><Cell ss:StyleID="s23"><Data ss:Type="String">0.42</Data></Cell><Cell ss:StyleID="s23"><Data ss:Type="String">0.40</Data></Cell><Cell ss:StyleID="s23"><Data ss:Type="String">0.66</Data></Cell><Cell ss:StyleID="s23"><Data ss:Type="String">0.21</Data></Cell><Cell ss:StyleID="s23"><Data ss:Type="String">0.21</Data></Cell></Row><Row><Cell ss:StyleID="s24"><Data ss:Type="String">Robust standard errors in parentheses</Data></Cell></Row><Row><Cell ss:StyleID="s24"><Data ss:Type="String">*** p&lt;0.01, ** p&lt;0.05, * p&lt;0.1</Data></Cell></Row></Table><WorksheetOptions xmlns="urn:schemas-microsoft-com:office:excel"><ProtectedObjects>False</ProtectedObjects><ProtectedScenarios>False</ProtectedScenarios></WorksheetOptions></Worksheet></Workbook>