<?xml version="1.0" encoding="US-ASCII" standalone="yes"?><?mso-application progid="Excel.Sheet"?><Workbook xmlns="urn:schemas-microsoft-com:office:spreadsheet" xmlns:o="urn:schemas-microsoft-com:office:office" xmlns:x="urn:schemas-microsoft-com:office:excel" xmlns:ss="urn:schemas-microsoft-com:office:spreadsheet" xmlns:html="http://www.w3.org/TR/REC-html40"><DocumentProperties xmlns="urn:schemas-microsoft-com:office:office"><Author></Author><LastAuthor></LastAuthor><Created></Created><LastSaved></LastSaved><Company></Company><Version></Version></DocumentProperties><ExcelWorkbook  xmlns="urn:schemas-microsoft-com:office:excel"><ProtectStructure>False</ProtectStructure><ProtectWindows>False</ProtectWindows></ExcelWorkbook><Styles><Style ss:ID="Default" ss:Name="Normal"><Alignment ss:Vertical="Bottom"/><Borders/><Font ss:FontName="Calibri" ss:Size="10"/><Interior/><NumberFormat/><Protection/></Style><Style ss:ID="s1"><Font ss:FontName="Calibri" ss:Bold="1" ss:Size="12"/><NumberFormat/></Style><Style ss:ID="s21"><Alignment ss:Horizontal="Center" ss:Vertical="Bottom"/><NumberFormat/><Font ss:FontName="Calibri" ss:Size="10"/><Borders><Border ss:Position="Top" ss:LineStyle="Continuous" ss:Weight="1"/></Borders></Style><Style ss:ID="s22"><Alignment ss:Horizontal="Center" ss:Vertical="Bottom"/><Font ss:FontName="Calibri" ss:Size="10"/><NumberFormat/></Style><Style ss:ID="s23"><Alignment ss:Horizontal="Center" ss:Vertical="Bottom"/><NumberFormat/><Font ss:FontName="Calibri" ss:Size="10"/><Borders><Border ss:Position="Bottom" ss:LineStyle="Continuous" ss:Weight="1"/></Borders></Style><Style ss:ID="s24"><Font ss:FontName="Calibri" ss:Size="10"/><NumberFormat/></Style><Style ss:ID="s31"><Font ss:FontName="Calibri" ss:Size="10"/><Borders><Border ss:Position="Top" ss:LineStyle="Continuous" ss:Weight="1"/></Borders></Style><Style ss:ID="s32"><Font ss:FontName="Calibri" ss:Size="10"/><Borders/></Style><Style ss:ID="s33"><Font ss:FontName="Calibri" ss:Size="10"/><Borders><Border ss:Position="Bottom" ss:LineStyle="Continuous" ss:Weight="1"/></Borders></Style></Styles><Names></Names><Worksheet ss:Name="Sheet1"><Table ss:ExpandedColumnCount="5" ss:ExpandedRowCount="27" x:FullColumns="1" x:FullRows="1"><Column ss:AutoFitWidth="0" ss:Width="256"/><Column ss:AutoFitWidth="0" ss:Width="58"/><Column ss:AutoFitWidth="0" ss:Width="58"/><Column ss:AutoFitWidth="0" ss:Width="58"/><Column ss:AutoFitWidth="0" ss:Width="58"/><Row></Row><Row><Cell ss:StyleID="s31"><Data ss:Type="String"></Data></Cell><Cell ss:StyleID="s21"><Data ss:Type="String">(1)</Data></Cell><Cell ss:StyleID="s21"><Data ss:Type="String">(2)</Data></Cell><Cell ss:StyleID="s21"><Data ss:Type="String">(3)</Data></Cell><Cell ss:StyleID="s21"><Data ss:Type="String">(4)</Data></Cell></Row><Row><Cell ss:StyleID="s32"><Data ss:Type="String">VARIABLES</Data></Cell><Cell ss:StyleID="s22"><Data ss:Type="String">Endline. Worked Hours</Data></Cell><Cell ss:StyleID="s22"><Data ss:Type="String">Endline. Monthly income</Data></Cell><Cell ss:StyleID="s22"><Data ss:Type="String">Endline. Hourly income</Data></Cell><Cell ss:StyleID="s22"><Data ss:Type="String">Endline. Stress Index</Data></Cell></Row><Row><Cell ss:StyleID="s31"><Data ss:Type="String"></Data></Cell><Cell ss:StyleID="s21"><Data ss:Type="String"></Data></Cell><Cell ss:StyleID="s21"><Data ss:Type="String"></Data></Cell><Cell ss:StyleID="s21"><Data ss:Type="String"></Data></Cell><Cell ss:StyleID="s21"><Data ss:Type="String"></Data></Cell></Row><Row><Cell ss:StyleID="s32"><Data ss:Type="String">T * Works LB and &lt;= 5</Data></Cell><Cell ss:StyleID="s22"><Data ss:Type="String">1.127</Data></Cell><Cell ss:StyleID="s22"><Data ss:Type="String">18.707</Data></Cell><Cell ss:StyleID="s22"><Data ss:Type="String">0.358</Data></Cell><Cell ss:StyleID="s22"><Data ss:Type="String">-0.235</Data></Cell></Row><Row><Cell ss:StyleID="s32"><Data ss:Type="String"></Data></Cell><Cell ss:StyleID="s22"><Data ss:Type="String">(2.298)</Data></Cell><Cell ss:StyleID="s22"><Data ss:Type="String">(24.785)</Data></Cell><Cell ss:StyleID="s22"><Data ss:Type="String">(0.282)</Data></Cell><Cell ss:StyleID="s22"><Data ss:Type="String">(1.010)</Data></Cell></Row><Row><Cell ss:StyleID="s32"><Data ss:Type="String">T * Does not Wo LB and &lt;= 5</Data></Cell><Cell ss:StyleID="s22"><Data ss:Type="String">4.212</Data></Cell><Cell ss:StyleID="s22"><Data ss:Type="String">54.271</Data></Cell><Cell ss:StyleID="s22"><Data ss:Type="String">0.580*</Data></Cell><Cell ss:StyleID="s22"><Data ss:Type="String">0.513</Data></Cell></Row><Row><Cell ss:StyleID="s32"><Data ss:Type="String"></Data></Cell><Cell ss:StyleID="s22"><Data ss:Type="String">(3.778)</Data></Cell><Cell ss:StyleID="s22"><Data ss:Type="String">(35.569)</Data></Cell><Cell ss:StyleID="s22"><Data ss:Type="String">(0.327)</Data></Cell><Cell ss:StyleID="s22"><Data ss:Type="String">(1.887)</Data></Cell></Row><Row><Cell ss:StyleID="s32"><Data ss:Type="String">T * Works LB and &gt; 5</Data></Cell><Cell ss:StyleID="s22"><Data ss:Type="String">0.600</Data></Cell><Cell ss:StyleID="s22"><Data ss:Type="String">12.216</Data></Cell><Cell ss:StyleID="s22"><Data ss:Type="String">0.162</Data></Cell><Cell ss:StyleID="s22"><Data ss:Type="String">0.184</Data></Cell></Row><Row><Cell ss:StyleID="s32"><Data ss:Type="String"></Data></Cell><Cell ss:StyleID="s22"><Data ss:Type="String">(1.293)</Data></Cell><Cell ss:StyleID="s22"><Data ss:Type="String">(17.730)</Data></Cell><Cell ss:StyleID="s22"><Data ss:Type="String">(0.156)</Data></Cell><Cell ss:StyleID="s22"><Data ss:Type="String">(0.565)</Data></Cell></Row><Row><Cell ss:StyleID="s32"><Data ss:Type="String">T * Does not Wo LB and &gt; 5</Data></Cell><Cell ss:StyleID="s22"><Data ss:Type="String">-2.762</Data></Cell><Cell ss:StyleID="s22"><Data ss:Type="String">-16.868</Data></Cell><Cell ss:StyleID="s22"><Data ss:Type="String">0.893</Data></Cell><Cell ss:StyleID="s22"><Data ss:Type="String">-2.343*</Data></Cell></Row><Row><Cell ss:StyleID="s32"><Data ss:Type="String"></Data></Cell><Cell ss:StyleID="s22"><Data ss:Type="String">(2.961)</Data></Cell><Cell ss:StyleID="s22"><Data ss:Type="String">(29.315)</Data></Cell><Cell ss:StyleID="s22"><Data ss:Type="String">(0.544)</Data></Cell><Cell ss:StyleID="s22"><Data ss:Type="String">(1.203)</Data></Cell></Row><Row><Cell ss:StyleID="s32"><Data ss:Type="String"></Data></Cell><Cell ss:StyleID="s22"><Data ss:Type="String"></Data></Cell><Cell ss:StyleID="s22"><Data ss:Type="String"></Data></Cell><Cell ss:StyleID="s22"><Data ss:Type="String"></Data></Cell><Cell ss:StyleID="s22"><Data ss:Type="String"></Data></Cell></Row><Row><Cell ss:StyleID="s32"><Data ss:Type="String">Observations</Data></Cell><Cell ss:StyleID="s22"><Data ss:Type="String">1,681</Data></Cell><Cell ss:StyleID="s22"><Data ss:Type="String">1,666</Data></Cell><Cell ss:StyleID="s22"><Data ss:Type="String">1,618</Data></Cell><Cell ss:StyleID="s22"><Data ss:Type="String">1,665</Data></Cell></Row><Row><Cell ss:StyleID="s32"><Data ss:Type="String">R-squared</Data></Cell><Cell ss:StyleID="s22"><Data ss:Type="String">0.189</Data></Cell><Cell ss:StyleID="s22"><Data ss:Type="String">0.217</Data></Cell><Cell ss:StyleID="s22"><Data ss:Type="String">0.134</Data></Cell><Cell ss:StyleID="s22"><Data ss:Type="String">0.125</Data></Cell></Row><Row><Cell ss:StyleID="s32"><Data ss:Type="String">Works LB and &lt;= 5</Data></Cell><Cell ss:StyleID="s22"><Data ss:Type="String">26.417</Data></Cell><Cell ss:StyleID="s22"><Data ss:Type="String">240.876</Data></Cell><Cell ss:StyleID="s22"><Data ss:Type="String">1.747</Data></Cell><Cell ss:StyleID="s22"><Data ss:Type="String">26.000</Data></Cell></Row><Row><Cell ss:StyleID="s32"><Data ss:Type="String">Does not Wo LB and &lt;= 5</Data></Cell><Cell ss:StyleID="s22"><Data ss:Type="String">12.830</Data></Cell><Cell ss:StyleID="s22"><Data ss:Type="String">106.969</Data></Cell><Cell ss:StyleID="s22"><Data ss:Type="String">0.987</Data></Cell><Cell ss:StyleID="s22"><Data ss:Type="String">23.045</Data></Cell></Row><Row><Cell ss:StyleID="s32"><Data ss:Type="String">Works LB and &gt; 5</Data></Cell><Cell ss:StyleID="s22"><Data ss:Type="String">31.066</Data></Cell><Cell ss:StyleID="s22"><Data ss:Type="String">301.363</Data></Cell><Cell ss:StyleID="s22"><Data ss:Type="String">2.070</Data></Cell><Cell ss:StyleID="s22"><Data ss:Type="String">25.132</Data></Cell></Row><Row><Cell ss:StyleID="s32"><Data ss:Type="String">Does not Wo LB and &gt; 5</Data></Cell><Cell ss:StyleID="s22"><Data ss:Type="String">17.747</Data></Cell><Cell ss:StyleID="s22"><Data ss:Type="String">169.865</Data></Cell><Cell ss:StyleID="s22"><Data ss:Type="String">1.205</Data></Cell><Cell ss:StyleID="s22"><Data ss:Type="String">26.464</Data></Cell></Row><Row><Cell ss:StyleID="s32"><Data ss:Type="String">Test F (all equal):</Data></Cell><Cell ss:StyleID="s22"><Data ss:Type="String">0.522</Data></Cell><Cell ss:StyleID="s22"><Data ss:Type="String">0.491</Data></Cell><Cell ss:StyleID="s22"><Data ss:Type="String">0.434</Data></Cell><Cell ss:StyleID="s22"><Data ss:Type="String">0.289</Data></Cell></Row><Row><Cell ss:StyleID="s32"><Data ss:Type="String">Test F (baby coeff equal):</Data></Cell><Cell ss:StyleID="s22"><Data ss:Type="String">0.485</Data></Cell><Cell ss:StyleID="s22"><Data ss:Type="String">0.411</Data></Cell><Cell ss:StyleID="s22"><Data ss:Type="String">0.604</Data></Cell><Cell ss:StyleID="s22"><Data ss:Type="String">0.727</Data></Cell></Row><Row><Cell ss:StyleID="s32"><Data ss:Type="String">Test F (H0: strata1_2 different strata 3_4):</Data></Cell><Cell ss:StyleID="s22"><Data ss:Type="String">0.483</Data></Cell><Cell ss:StyleID="s22"><Data ss:Type="String">0.497</Data></Cell><Cell ss:StyleID="s22"><Data ss:Type="String">0.648</Data></Cell><Cell ss:StyleID="s22"><Data ss:Type="String">0.929</Data></Cell></Row><Row><Cell ss:StyleID="s32"><Data ss:Type="String">Strata4vs1:</Data></Cell><Cell ss:StyleID="s22"><Data ss:Type="String">0.299</Data></Cell><Cell ss:StyleID="s22"><Data ss:Type="String">0.355</Data></Cell><Cell ss:StyleID="s22"><Data ss:Type="String">0.385</Data></Cell><Cell ss:StyleID="s22"><Data ss:Type="String">0.180</Data></Cell></Row><Row><Cell ss:StyleID="s32"><Data ss:Type="String">Strato4vs2:</Data></Cell><Cell ss:StyleID="s22"><Data ss:Type="String">0.147</Data></Cell><Cell ss:StyleID="s22"><Data ss:Type="String">0.124</Data></Cell><Cell ss:StyleID="s22"><Data ss:Type="String">0.623</Data></Cell><Cell ss:StyleID="s22"><Data ss:Type="String">0.202</Data></Cell></Row><Row><Cell ss:StyleID="s33"><Data ss:Type="String">Strato4vs3:</Data></Cell><Cell ss:StyleID="s23"><Data ss:Type="String">0.299</Data></Cell><Cell ss:StyleID="s23"><Data ss:Type="String">0.395</Data></Cell><Cell ss:StyleID="s23"><Data ss:Type="String">0.197</Data></Cell><Cell ss:StyleID="s23"><Data ss:Type="String">0.058</Data></Cell></Row><Row><Cell ss:StyleID="s24"><Data ss:Type="String">Robust standard errors in parentheses</Data></Cell></Row><Row><Cell ss:StyleID="s24"><Data ss:Type="String">*** p&lt;0.01, ** p&lt;0.05, * p&lt;0.1</Data></Cell></Row></Table><WorksheetOptions xmlns="urn:schemas-microsoft-com:office:excel"><ProtectedObjects>False</ProtectedObjects><ProtectedScenarios>False</ProtectedScenarios></WorksheetOptions></Worksheet></Workbook>