<?xml version="1.0" encoding="US-ASCII" standalone="yes"?><?mso-application progid="Excel.Sheet"?><Workbook xmlns="urn:schemas-microsoft-com:office:spreadsheet" xmlns:o="urn:schemas-microsoft-com:office:office" xmlns:x="urn:schemas-microsoft-com:office:excel" xmlns:ss="urn:schemas-microsoft-com:office:spreadsheet" xmlns:html="http://www.w3.org/TR/REC-html40"><DocumentProperties xmlns="urn:schemas-microsoft-com:office:office"><Author></Author><LastAuthor></LastAuthor><Created></Created><LastSaved></LastSaved><Company></Company><Version></Version></DocumentProperties><ExcelWorkbook  xmlns="urn:schemas-microsoft-com:office:excel"><ProtectStructure>False</ProtectStructure><ProtectWindows>False</ProtectWindows></ExcelWorkbook><Styles><Style ss:ID="Default" ss:Name="Normal"><Alignment ss:Vertical="Bottom"/><Borders/><Font ss:FontName="Calibri" ss:Size="10"/><Interior/><NumberFormat/><Protection/></Style><Style ss:ID="s1"><Font ss:FontName="Calibri" ss:Bold="1" ss:Size="12"/><NumberFormat/></Style><Style ss:ID="s21"><Alignment ss:Horizontal="Center" ss:Vertical="Bottom"/><NumberFormat/><Font ss:FontName="Calibri" ss:Size="10"/><Borders><Border ss:Position="Top" ss:LineStyle="Continuous" ss:Weight="1"/></Borders></Style><Style ss:ID="s22"><Alignment ss:Horizontal="Center" ss:Vertical="Bottom"/><Font ss:FontName="Calibri" ss:Size="10"/><NumberFormat/></Style><Style ss:ID="s23"><Alignment ss:Horizontal="Center" ss:Vertical="Bottom"/><NumberFormat/><Font ss:FontName="Calibri" ss:Size="10"/><Borders><Border ss:Position="Bottom" ss:LineStyle="Continuous" ss:Weight="1"/></Borders></Style><Style ss:ID="s24"><Font ss:FontName="Calibri" ss:Size="10"/><NumberFormat/></Style><Style ss:ID="s31"><Font ss:FontName="Calibri" ss:Size="10"/><Borders><Border ss:Position="Top" ss:LineStyle="Continuous" ss:Weight="1"/></Borders></Style><Style ss:ID="s32"><Font ss:FontName="Calibri" ss:Size="10"/><Borders/></Style><Style ss:ID="s33"><Font ss:FontName="Calibri" ss:Size="10"/><Borders><Border ss:Position="Bottom" ss:LineStyle="Continuous" ss:Weight="1"/></Borders></Style></Styles><Names></Names><Worksheet ss:Name="Sheet1"><Table ss:ExpandedColumnCount="6" ss:ExpandedRowCount="24" x:FullColumns="1" x:FullRows="1"><Column ss:AutoFitWidth="0" ss:Width="256"/><Column ss:AutoFitWidth="0" ss:Width="58"/><Column ss:AutoFitWidth="0" ss:Width="58"/><Column ss:AutoFitWidth="0" ss:Width="58"/><Column ss:AutoFitWidth="0" ss:Width="58"/><Column ss:AutoFitWidth="0" ss:Width="58"/><Row></Row><Row><Cell ss:StyleID="s31"><Data ss:Type="String"></Data></Cell><Cell ss:StyleID="s21"><Data ss:Type="String">(1)</Data></Cell><Cell ss:StyleID="s21"><Data ss:Type="String">(2)</Data></Cell><Cell ss:StyleID="s21"><Data ss:Type="String">(3)</Data></Cell><Cell ss:StyleID="s21"><Data ss:Type="String">(4)</Data></Cell><Cell ss:StyleID="s21"><Data ss:Type="String">(5)</Data></Cell></Row><Row><Cell ss:StyleID="s32"><Data ss:Type="String">VARIABLES</Data></Cell><Cell ss:StyleID="s22"><Data ss:Type="String">Endline. Assist to the program at leas ones a week for any given month</Data></Cell><Cell ss:StyleID="s22"><Data ss:Type="String">Endline. &gt;=6 Childcare</Data></Cell><Cell ss:StyleID="s22"><Data ss:Type="String">Endline. &gt;=6 Formal Childcare</Data></Cell><Cell ss:StyleID="s22"><Data ss:Type="String">Endline. &lt;=5 Formal Childcare</Data></Cell><Cell ss:StyleID="s22"><Data ss:Type="String">Endline. &lt;=5 Free Formal Childcare</Data></Cell></Row><Row><Cell ss:StyleID="s31"><Data ss:Type="String"></Data></Cell><Cell ss:StyleID="s21"><Data ss:Type="String"></Data></Cell><Cell ss:StyleID="s21"><Data ss:Type="String"></Data></Cell><Cell ss:StyleID="s21"><Data ss:Type="String"></Data></Cell><Cell ss:StyleID="s21"><Data ss:Type="String"></Data></Cell><Cell ss:StyleID="s21"><Data ss:Type="String"></Data></Cell></Row><Row><Cell ss:StyleID="s32"><Data ss:Type="String">T * Works LB and &lt;= 5</Data></Cell><Cell ss:StyleID="s22"><Data ss:Type="String">0.242***</Data></Cell><Cell ss:StyleID="s22"><Data ss:Type="String">0.020</Data></Cell><Cell ss:StyleID="s22"><Data ss:Type="String">0.078**</Data></Cell><Cell ss:StyleID="s22"><Data ss:Type="String">0.070*</Data></Cell><Cell ss:StyleID="s22"><Data ss:Type="String">0.048</Data></Cell></Row><Row><Cell ss:StyleID="s32"><Data ss:Type="String"></Data></Cell><Cell ss:StyleID="s22"><Data ss:Type="String">(0.048)</Data></Cell><Cell ss:StyleID="s22"><Data ss:Type="String">(0.054)</Data></Cell><Cell ss:StyleID="s22"><Data ss:Type="String">(0.035)</Data></Cell><Cell ss:StyleID="s22"><Data ss:Type="String">(0.039)</Data></Cell><Cell ss:StyleID="s22"><Data ss:Type="String">(0.035)</Data></Cell></Row><Row><Cell ss:StyleID="s32"><Data ss:Type="String">T * Does not Wo LB and &lt;= 5</Data></Cell><Cell ss:StyleID="s22"><Data ss:Type="String">0.318***</Data></Cell><Cell ss:StyleID="s22"><Data ss:Type="String">0.041</Data></Cell><Cell ss:StyleID="s22"><Data ss:Type="String">0.023</Data></Cell><Cell ss:StyleID="s22"><Data ss:Type="String">0.047</Data></Cell><Cell ss:StyleID="s22"><Data ss:Type="String">0.081</Data></Cell></Row><Row><Cell ss:StyleID="s32"><Data ss:Type="String"></Data></Cell><Cell ss:StyleID="s22"><Data ss:Type="String">(0.103)</Data></Cell><Cell ss:StyleID="s22"><Data ss:Type="String">(0.096)</Data></Cell><Cell ss:StyleID="s22"><Data ss:Type="String">(0.054)</Data></Cell><Cell ss:StyleID="s22"><Data ss:Type="String">(0.070)</Data></Cell><Cell ss:StyleID="s22"><Data ss:Type="String">(0.063)</Data></Cell></Row><Row><Cell ss:StyleID="s32"><Data ss:Type="String">T * Works LB and &gt; 5</Data></Cell><Cell ss:StyleID="s22"><Data ss:Type="String">0.287***</Data></Cell><Cell ss:StyleID="s22"><Data ss:Type="String">0.069**</Data></Cell><Cell ss:StyleID="s22"><Data ss:Type="String">0.027</Data></Cell><Cell ss:StyleID="s22"><Data ss:Type="String"></Data></Cell><Cell ss:StyleID="s22"><Data ss:Type="String"></Data></Cell></Row><Row><Cell ss:StyleID="s32"><Data ss:Type="String"></Data></Cell><Cell ss:StyleID="s22"><Data ss:Type="String">(0.029)</Data></Cell><Cell ss:StyleID="s22"><Data ss:Type="String">(0.031)</Data></Cell><Cell ss:StyleID="s22"><Data ss:Type="String">(0.019)</Data></Cell><Cell ss:StyleID="s22"><Data ss:Type="String"></Data></Cell><Cell ss:StyleID="s22"><Data ss:Type="String"></Data></Cell></Row><Row><Cell ss:StyleID="s32"><Data ss:Type="String">T * Does not Wo LB and &gt; 5</Data></Cell><Cell ss:StyleID="s22"><Data ss:Type="String">0.385***</Data></Cell><Cell ss:StyleID="s22"><Data ss:Type="String">0.081</Data></Cell><Cell ss:StyleID="s22"><Data ss:Type="String">0.074**</Data></Cell><Cell ss:StyleID="s22"><Data ss:Type="String"></Data></Cell><Cell ss:StyleID="s22"><Data ss:Type="String"></Data></Cell></Row><Row><Cell ss:StyleID="s32"><Data ss:Type="String"></Data></Cell><Cell ss:StyleID="s22"><Data ss:Type="String">(0.062)</Data></Cell><Cell ss:StyleID="s22"><Data ss:Type="String">(0.067)</Data></Cell><Cell ss:StyleID="s22"><Data ss:Type="String">(0.036)</Data></Cell><Cell ss:StyleID="s22"><Data ss:Type="String"></Data></Cell><Cell ss:StyleID="s22"><Data ss:Type="String"></Data></Cell></Row><Row><Cell ss:StyleID="s32"><Data ss:Type="String"></Data></Cell><Cell ss:StyleID="s22"><Data ss:Type="String"></Data></Cell><Cell ss:StyleID="s22"><Data ss:Type="String"></Data></Cell><Cell ss:StyleID="s22"><Data ss:Type="String"></Data></Cell><Cell ss:StyleID="s22"><Data ss:Type="String"></Data></Cell><Cell ss:StyleID="s22"><Data ss:Type="String"></Data></Cell></Row><Row><Cell ss:StyleID="s32"><Data ss:Type="String">Observations</Data></Cell><Cell ss:StyleID="s22"><Data ss:Type="String">1,778</Data></Cell><Cell ss:StyleID="s22"><Data ss:Type="String">1,684</Data></Cell><Cell ss:StyleID="s22"><Data ss:Type="String">1,684</Data></Cell><Cell ss:StyleID="s22"><Data ss:Type="String">400</Data></Cell><Cell ss:StyleID="s22"><Data ss:Type="String">400</Data></Cell></Row><Row><Cell ss:StyleID="s32"><Data ss:Type="String">R-squared</Data></Cell><Cell ss:StyleID="s22"><Data ss:Type="String">0.221</Data></Cell><Cell ss:StyleID="s22"><Data ss:Type="String">0.152</Data></Cell><Cell ss:StyleID="s22"><Data ss:Type="String">0.161</Data></Cell><Cell ss:StyleID="s22"><Data ss:Type="String">0.131</Data></Cell><Cell ss:StyleID="s22"><Data ss:Type="String">0.149</Data></Cell></Row><Row><Cell ss:StyleID="s32"><Data ss:Type="String">Works LB and &lt;= 5</Data></Cell><Cell ss:StyleID="s22"><Data ss:Type="String">0.235</Data></Cell><Cell ss:StyleID="s22"><Data ss:Type="String">0.500</Data></Cell><Cell ss:StyleID="s22"><Data ss:Type="String">0.078</Data></Cell><Cell ss:StyleID="s22"><Data ss:Type="String">0.075</Data></Cell><Cell ss:StyleID="s22"><Data ss:Type="String">0.068</Data></Cell></Row><Row><Cell ss:StyleID="s32"><Data ss:Type="String">Does not Wo LB and &lt;= 5</Data></Cell><Cell ss:StyleID="s22"><Data ss:Type="String">0.229</Data></Cell><Cell ss:StyleID="s22"><Data ss:Type="String">0.319</Data></Cell><Cell ss:StyleID="s22"><Data ss:Type="String">0.043</Data></Cell><Cell ss:StyleID="s22"><Data ss:Type="String">0.087</Data></Cell><Cell ss:StyleID="s22"><Data ss:Type="String">0.065</Data></Cell></Row><Row><Cell ss:StyleID="s32"><Data ss:Type="String">Works LB and &gt; 5</Data></Cell><Cell ss:StyleID="s22"><Data ss:Type="String">0.249</Data></Cell><Cell ss:StyleID="s22"><Data ss:Type="String">0.543</Data></Cell><Cell ss:StyleID="s22"><Data ss:Type="String">0.082</Data></Cell><Cell ss:StyleID="s22"><Data ss:Type="String"></Data></Cell><Cell ss:StyleID="s22"><Data ss:Type="String"></Data></Cell></Row><Row><Cell ss:StyleID="s32"><Data ss:Type="String">Does not Wo LB and &gt; 5</Data></Cell><Cell ss:StyleID="s22"><Data ss:Type="String">0.189</Data></Cell><Cell ss:StyleID="s22"><Data ss:Type="String">0.314</Data></Cell><Cell ss:StyleID="s22"><Data ss:Type="String">0.035</Data></Cell><Cell ss:StyleID="s22"><Data ss:Type="String"></Data></Cell><Cell ss:StyleID="s22"><Data ss:Type="String"></Data></Cell></Row><Row><Cell ss:StyleID="s32"><Data ss:Type="String">Test F (all equal):</Data></Cell><Cell ss:StyleID="s22"><Data ss:Type="String">0.336</Data></Cell><Cell ss:StyleID="s22"><Data ss:Type="String">0.858</Data></Cell><Cell ss:StyleID="s22"><Data ss:Type="String">0.443</Data></Cell><Cell ss:StyleID="s22"><Data ss:Type="String"></Data></Cell><Cell ss:StyleID="s22"><Data ss:Type="String"></Data></Cell></Row><Row><Cell ss:StyleID="s32"><Data ss:Type="String">Test F (baby coeff equal):</Data></Cell><Cell ss:StyleID="s22"><Data ss:Type="String">0.504</Data></Cell><Cell ss:StyleID="s22"><Data ss:Type="String">0.846</Data></Cell><Cell ss:StyleID="s22"><Data ss:Type="String">0.392</Data></Cell><Cell ss:StyleID="s22"><Data ss:Type="String">0.767</Data></Cell><Cell ss:StyleID="s22"><Data ss:Type="String">0.646</Data></Cell></Row><Row><Cell ss:StyleID="s33"><Data ss:Type="String">Test F (H0: strata1_2 different strata 3_4):</Data></Cell><Cell ss:StyleID="s23"><Data ss:Type="String">0.372</Data></Cell><Cell ss:StyleID="s23"><Data ss:Type="String">0.396</Data></Cell><Cell ss:StyleID="s23"><Data ss:Type="String">0.331</Data></Cell><Cell ss:StyleID="s23"><Data ss:Type="String"></Data></Cell><Cell ss:StyleID="s23"><Data ss:Type="String"></Data></Cell></Row><Row><Cell ss:StyleID="s24"><Data ss:Type="String">Robust standard errors in parentheses</Data></Cell></Row><Row><Cell ss:StyleID="s24"><Data ss:Type="String">*** p&lt;0.01, ** p&lt;0.05, * p&lt;0.1</Data></Cell></Row></Table><WorksheetOptions xmlns="urn:schemas-microsoft-com:office:excel"><ProtectedObjects>False</ProtectedObjects><ProtectedScenarios>False</ProtectedScenarios></WorksheetOptions></Worksheet></Workbook>