<?xml version="1.0" encoding="US-ASCII" standalone="yes"?><?mso-application progid="Excel.Sheet"?><Workbook xmlns="urn:schemas-microsoft-com:office:spreadsheet" xmlns:o="urn:schemas-microsoft-com:office:office" xmlns:x="urn:schemas-microsoft-com:office:excel" xmlns:ss="urn:schemas-microsoft-com:office:spreadsheet" xmlns:html="http://www.w3.org/TR/REC-html40"><DocumentProperties xmlns="urn:schemas-microsoft-com:office:office"><Author></Author><LastAuthor></LastAuthor><Created></Created><LastSaved></LastSaved><Company></Company><Version></Version></DocumentProperties><ExcelWorkbook  xmlns="urn:schemas-microsoft-com:office:excel"><ProtectStructure>False</ProtectStructure><ProtectWindows>False</ProtectWindows></ExcelWorkbook><Styles><Style ss:ID="Default" ss:Name="Normal"><Alignment ss:Vertical="Bottom"/><Borders/><Font ss:FontName="Calibri" ss:Size="10"/><Interior/><NumberFormat/><Protection/></Style><Style ss:ID="s1"><Font ss:FontName="Calibri" ss:Bold="1" ss:Size="12"/><NumberFormat/></Style><Style ss:ID="s21"><Alignment ss:Horizontal="Center" ss:Vertical="Bottom"/><NumberFormat/><Font ss:FontName="Calibri" ss:Size="10"/><Borders><Border ss:Position="Top" ss:LineStyle="Continuous" ss:Weight="1"/></Borders></Style><Style ss:ID="s22"><Alignment ss:Horizontal="Center" ss:Vertical="Bottom"/><Font ss:FontName="Calibri" ss:Size="10"/><NumberFormat/></Style><Style ss:ID="s23"><Alignment ss:Horizontal="Center" ss:Vertical="Bottom"/><NumberFormat/><Font ss:FontName="Calibri" ss:Size="10"/><Borders><Border ss:Position="Bottom" ss:LineStyle="Continuous" ss:Weight="1"/></Borders></Style><Style ss:ID="s24"><Font ss:FontName="Calibri" ss:Size="10"/><NumberFormat/></Style><Style ss:ID="s31"><Font ss:FontName="Calibri" ss:Size="10"/><Borders><Border ss:Position="Top" ss:LineStyle="Continuous" ss:Weight="1"/></Borders></Style><Style ss:ID="s32"><Font ss:FontName="Calibri" ss:Size="10"/><Borders/></Style><Style ss:ID="s33"><Font ss:FontName="Calibri" ss:Size="10"/><Borders><Border ss:Position="Bottom" ss:LineStyle="Continuous" ss:Weight="1"/></Borders></Style></Styles><Names></Names><Worksheet ss:Name="Sheet1"><Table ss:ExpandedColumnCount="7" ss:ExpandedRowCount="24" x:FullColumns="1" x:FullRows="1"><Column ss:AutoFitWidth="0" ss:Width="256"/><Column ss:AutoFitWidth="0" ss:Width="58"/><Column ss:AutoFitWidth="0" ss:Width="58"/><Column ss:AutoFitWidth="0" ss:Width="58"/><Column ss:AutoFitWidth="0" ss:Width="58"/><Column ss:AutoFitWidth="0" ss:Width="58"/><Column ss:AutoFitWidth="0" ss:Width="58"/><Row></Row><Row><Cell ss:StyleID="s31"><Data ss:Type="String"></Data></Cell><Cell ss:StyleID="s21"><Data ss:Type="String">(1)</Data></Cell><Cell ss:StyleID="s21"><Data ss:Type="String">(2)</Data></Cell><Cell ss:StyleID="s21"><Data ss:Type="String">(3)</Data></Cell><Cell ss:StyleID="s21"><Data ss:Type="String">(4)</Data></Cell><Cell ss:StyleID="s21"><Data ss:Type="String">(5)</Data></Cell><Cell ss:StyleID="s21"><Data ss:Type="String">(6)</Data></Cell></Row><Row><Cell ss:StyleID="s32"><Data ss:Type="String">VARIABLES</Data></Cell><Cell ss:StyleID="s22"><Data ss:Type="String">Endline. Participates (at least a month May-Dec)</Data></Cell><Cell ss:StyleID="s22"><Data ss:Type="String">Endline. Participates (always)</Data></Cell><Cell ss:StyleID="s22"><Data ss:Type="String">Endline. Months Participating (May-Dec)</Data></Cell><Cell ss:StyleID="s22"><Data ss:Type="String">Endline. Works (at least once a month May-Dec)</Data></Cell><Cell ss:StyleID="s22"><Data ss:Type="String">Endline. Works (always)</Data></Cell><Cell ss:StyleID="s22"><Data ss:Type="String">Endline. Worked Months</Data></Cell></Row><Row><Cell ss:StyleID="s31"><Data ss:Type="String"></Data></Cell><Cell ss:StyleID="s21"><Data ss:Type="String"></Data></Cell><Cell ss:StyleID="s21"><Data ss:Type="String"></Data></Cell><Cell ss:StyleID="s21"><Data ss:Type="String"></Data></Cell><Cell ss:StyleID="s21"><Data ss:Type="String"></Data></Cell><Cell ss:StyleID="s21"><Data ss:Type="String"></Data></Cell><Cell ss:StyleID="s21"><Data ss:Type="String"></Data></Cell></Row><Row><Cell ss:StyleID="s32"><Data ss:Type="String">T * Works LB and &lt;= 5</Data></Cell><Cell ss:StyleID="s22"><Data ss:Type="String">0.046</Data></Cell><Cell ss:StyleID="s22"><Data ss:Type="String">0.088*</Data></Cell><Cell ss:StyleID="s22"><Data ss:Type="String">0.586*</Data></Cell><Cell ss:StyleID="s22"><Data ss:Type="String">0.052</Data></Cell><Cell ss:StyleID="s22"><Data ss:Type="String">0.067</Data></Cell><Cell ss:StyleID="s22"><Data ss:Type="String">0.584</Data></Cell></Row><Row><Cell ss:StyleID="s32"><Data ss:Type="String"></Data></Cell><Cell ss:StyleID="s22"><Data ss:Type="String">(0.043)</Data></Cell><Cell ss:StyleID="s22"><Data ss:Type="String">(0.050)</Data></Cell><Cell ss:StyleID="s22"><Data ss:Type="String">(0.344)</Data></Cell><Cell ss:StyleID="s22"><Data ss:Type="String">(0.046)</Data></Cell><Cell ss:StyleID="s22"><Data ss:Type="String">(0.052)</Data></Cell><Cell ss:StyleID="s22"><Data ss:Type="String">(0.448)</Data></Cell></Row><Row><Cell ss:StyleID="s32"><Data ss:Type="String">T * Does not Wo LB and &lt;= 5</Data></Cell><Cell ss:StyleID="s22"><Data ss:Type="String">0.095</Data></Cell><Cell ss:StyleID="s22"><Data ss:Type="String">0.188*</Data></Cell><Cell ss:StyleID="s22"><Data ss:Type="String">1.210</Data></Cell><Cell ss:StyleID="s22"><Data ss:Type="String">0.080</Data></Cell><Cell ss:StyleID="s22"><Data ss:Type="String">0.123</Data></Cell><Cell ss:StyleID="s22"><Data ss:Type="String">1.077</Data></Cell></Row><Row><Cell ss:StyleID="s32"><Data ss:Type="String"></Data></Cell><Cell ss:StyleID="s22"><Data ss:Type="String">(0.105)</Data></Cell><Cell ss:StyleID="s22"><Data ss:Type="String">(0.097)</Data></Cell><Cell ss:StyleID="s22"><Data ss:Type="String">(0.748)</Data></Cell><Cell ss:StyleID="s22"><Data ss:Type="String">(0.103)</Data></Cell><Cell ss:StyleID="s22"><Data ss:Type="String">(0.082)</Data></Cell><Cell ss:StyleID="s22"><Data ss:Type="String">(0.790)</Data></Cell></Row><Row><Cell ss:StyleID="s32"><Data ss:Type="String">T * Works LB and &gt; 5</Data></Cell><Cell ss:StyleID="s22"><Data ss:Type="String">0.019</Data></Cell><Cell ss:StyleID="s22"><Data ss:Type="String">0.027</Data></Cell><Cell ss:StyleID="s22"><Data ss:Type="String">0.171</Data></Cell><Cell ss:StyleID="s22"><Data ss:Type="String">0.027</Data></Cell><Cell ss:StyleID="s22"><Data ss:Type="String">0.015</Data></Cell><Cell ss:StyleID="s22"><Data ss:Type="String">0.146</Data></Cell></Row><Row><Cell ss:StyleID="s32"><Data ss:Type="String"></Data></Cell><Cell ss:StyleID="s22"><Data ss:Type="String">(0.023)</Data></Cell><Cell ss:StyleID="s22"><Data ss:Type="String">(0.028)</Data></Cell><Cell ss:StyleID="s22"><Data ss:Type="String">(0.190)</Data></Cell><Cell ss:StyleID="s22"><Data ss:Type="String">(0.024)</Data></Cell><Cell ss:StyleID="s22"><Data ss:Type="String">(0.030)</Data></Cell><Cell ss:StyleID="s22"><Data ss:Type="String">(0.247)</Data></Cell></Row><Row><Cell ss:StyleID="s32"><Data ss:Type="String">T * Does not Wo LB and &gt; 5</Data></Cell><Cell ss:StyleID="s22"><Data ss:Type="String">0.013</Data></Cell><Cell ss:StyleID="s22"><Data ss:Type="String">-0.007</Data></Cell><Cell ss:StyleID="s22"><Data ss:Type="String">0.085</Data></Cell><Cell ss:StyleID="s22"><Data ss:Type="String">0.019</Data></Cell><Cell ss:StyleID="s22"><Data ss:Type="String">0.029</Data></Cell><Cell ss:StyleID="s22"><Data ss:Type="String">0.402</Data></Cell></Row><Row><Cell ss:StyleID="s32"><Data ss:Type="String"></Data></Cell><Cell ss:StyleID="s22"><Data ss:Type="String">(0.068)</Data></Cell><Cell ss:StyleID="s22"><Data ss:Type="String">(0.068)</Data></Cell><Cell ss:StyleID="s22"><Data ss:Type="String">(0.507)</Data></Cell><Cell ss:StyleID="s22"><Data ss:Type="String">(0.071)</Data></Cell><Cell ss:StyleID="s22"><Data ss:Type="String">(0.068)</Data></Cell><Cell ss:StyleID="s22"><Data ss:Type="String">(0.627)</Data></Cell></Row><Row><Cell ss:StyleID="s32"><Data ss:Type="String"></Data></Cell><Cell ss:StyleID="s22"><Data ss:Type="String"></Data></Cell><Cell ss:StyleID="s22"><Data ss:Type="String"></Data></Cell><Cell ss:StyleID="s22"><Data ss:Type="String"></Data></Cell><Cell ss:StyleID="s22"><Data ss:Type="String"></Data></Cell><Cell ss:StyleID="s22"><Data ss:Type="String"></Data></Cell><Cell ss:StyleID="s22"><Data ss:Type="String"></Data></Cell></Row><Row><Cell ss:StyleID="s32"><Data ss:Type="String">Observations</Data></Cell><Cell ss:StyleID="s22"><Data ss:Type="String">1,767</Data></Cell><Cell ss:StyleID="s22"><Data ss:Type="String">1,767</Data></Cell><Cell ss:StyleID="s22"><Data ss:Type="String">1,767</Data></Cell><Cell ss:StyleID="s22"><Data ss:Type="String">1,767</Data></Cell><Cell ss:StyleID="s22"><Data ss:Type="String">1,767</Data></Cell><Cell ss:StyleID="s22"><Data ss:Type="String">1,767</Data></Cell></Row><Row><Cell ss:StyleID="s32"><Data ss:Type="String">R-squared</Data></Cell><Cell ss:StyleID="s22"><Data ss:Type="String">0.207</Data></Cell><Cell ss:StyleID="s22"><Data ss:Type="String">0.208</Data></Cell><Cell ss:StyleID="s22"><Data ss:Type="String">0.239</Data></Cell><Cell ss:StyleID="s22"><Data ss:Type="String">0.217</Data></Cell><Cell ss:StyleID="s22"><Data ss:Type="String">0.196</Data></Cell><Cell ss:StyleID="s22"><Data ss:Type="String">0.238</Data></Cell></Row><Row><Cell ss:StyleID="s32"><Data ss:Type="String">Works LB and &lt;= 5</Data></Cell><Cell ss:StyleID="s22"><Data ss:Type="String">0.733</Data></Cell><Cell ss:StyleID="s22"><Data ss:Type="String">0.553</Data></Cell><Cell ss:StyleID="s22"><Data ss:Type="String">5.112</Data></Cell><Cell ss:StyleID="s22"><Data ss:Type="String">0.696</Data></Cell><Cell ss:StyleID="s22"><Data ss:Type="String">0.497</Data></Cell><Cell ss:StyleID="s22"><Data ss:Type="String">5.963</Data></Cell></Row><Row><Cell ss:StyleID="s32"><Data ss:Type="String">Does not Wo LB and &lt;= 5</Data></Cell><Cell ss:StyleID="s22"><Data ss:Type="String">0.438</Data></Cell><Cell ss:StyleID="s22"><Data ss:Type="String">0.229</Data></Cell><Cell ss:StyleID="s22"><Data ss:Type="String">2.438</Data></Cell><Cell ss:StyleID="s22"><Data ss:Type="String">0.396</Data></Cell><Cell ss:StyleID="s22"><Data ss:Type="String">0.146</Data></Cell><Cell ss:StyleID="s22"><Data ss:Type="String">2.292</Data></Cell></Row><Row><Cell ss:StyleID="s32"><Data ss:Type="String">Works LB and &gt; 5</Data></Cell><Cell ss:StyleID="s22"><Data ss:Type="String">0.819</Data></Cell><Cell ss:StyleID="s22"><Data ss:Type="String">0.690</Data></Cell><Cell ss:StyleID="s22"><Data ss:Type="String">6.053</Data></Cell><Cell ss:StyleID="s22"><Data ss:Type="String">0.793</Data></Cell><Cell ss:StyleID="s22"><Data ss:Type="String">0.606</Data></Cell><Cell ss:StyleID="s22"><Data ss:Type="String">7.019</Data></Cell></Row><Row><Cell ss:StyleID="s32"><Data ss:Type="String">Does not Wo LB and &gt; 5</Data></Cell><Cell ss:StyleID="s22"><Data ss:Type="String">0.578</Data></Cell><Cell ss:StyleID="s22"><Data ss:Type="String">0.400</Data></Cell><Cell ss:StyleID="s22"><Data ss:Type="String">3.633</Data></Cell><Cell ss:StyleID="s22"><Data ss:Type="String">0.478</Data></Cell><Cell ss:StyleID="s22"><Data ss:Type="String">0.311</Data></Cell><Cell ss:StyleID="s22"><Data ss:Type="String">3.578</Data></Cell></Row><Row><Cell ss:StyleID="s32"><Data ss:Type="String">Test F (all equal):</Data></Cell><Cell ss:StyleID="s22"><Data ss:Type="String">0.855</Data></Cell><Cell ss:StyleID="s22"><Data ss:Type="String">0.265</Data></Cell><Cell ss:StyleID="s22"><Data ss:Type="String">0.421</Data></Cell><Cell ss:StyleID="s22"><Data ss:Type="String">0.925</Data></Cell><Cell ss:StyleID="s22"><Data ss:Type="String">0.574</Data></Cell><Cell ss:StyleID="s22"><Data ss:Type="String">0.620</Data></Cell></Row><Row><Cell ss:StyleID="s32"><Data ss:Type="String">Test F (baby coeff equal):</Data></Cell><Cell ss:StyleID="s22"><Data ss:Type="String">0.662</Data></Cell><Cell ss:StyleID="s22"><Data ss:Type="String">0.359</Data></Cell><Cell ss:StyleID="s22"><Data ss:Type="String">0.449</Data></Cell><Cell ss:StyleID="s22"><Data ss:Type="String">0.803</Data></Cell><Cell ss:StyleID="s22"><Data ss:Type="String">0.567</Data></Cell><Cell ss:StyleID="s22"><Data ss:Type="String">0.588</Data></Cell></Row><Row><Cell ss:StyleID="s33"><Data ss:Type="String">Test F (H0: strata1_2 different strata 3_4):</Data></Cell><Cell ss:StyleID="s23"><Data ss:Type="String">0.420</Data></Cell><Cell ss:StyleID="s23"><Data ss:Type="String">0.094</Data></Cell><Cell ss:StyleID="s23"><Data ss:Type="String">0.129</Data></Cell><Cell ss:StyleID="s23"><Data ss:Type="String">0.515</Data></Cell><Cell ss:StyleID="s23"><Data ss:Type="String">0.247</Data></Cell><Cell ss:StyleID="s23"><Data ss:Type="String">0.279</Data></Cell></Row><Row><Cell ss:StyleID="s24"><Data ss:Type="String">Robust standard errors in parentheses</Data></Cell></Row><Row><Cell ss:StyleID="s24"><Data ss:Type="String">*** p&lt;0.01, ** p&lt;0.05, * p&lt;0.1</Data></Cell></Row></Table><WorksheetOptions xmlns="urn:schemas-microsoft-com:office:excel"><ProtectedObjects>False</ProtectedObjects><ProtectedScenarios>False</ProtectedScenarios></WorksheetOptions></Worksheet></Workbook>