<?xml version="1.0" encoding="US-ASCII" standalone="yes"?><?mso-application progid="Excel.Sheet"?><Workbook xmlns="urn:schemas-microsoft-com:office:spreadsheet" xmlns:o="urn:schemas-microsoft-com:office:office" xmlns:x="urn:schemas-microsoft-com:office:excel" xmlns:ss="urn:schemas-microsoft-com:office:spreadsheet" xmlns:html="http://www.w3.org/TR/REC-html40"><DocumentProperties xmlns="urn:schemas-microsoft-com:office:office"><Author></Author><LastAuthor></LastAuthor><Created></Created><LastSaved></LastSaved><Company></Company><Version></Version></DocumentProperties><ExcelWorkbook  xmlns="urn:schemas-microsoft-com:office:excel"><ProtectStructure>False</ProtectStructure><ProtectWindows>False</ProtectWindows></ExcelWorkbook><Styles><Style ss:ID="Default" ss:Name="Normal"><Alignment ss:Vertical="Bottom"/><Borders/><Font ss:FontName="Calibri" ss:Size="10"/><Interior/><NumberFormat/><Protection/></Style><Style ss:ID="s1"><Font ss:FontName="Calibri" ss:Bold="1" ss:Size="12"/><NumberFormat/></Style><Style ss:ID="s21"><Alignment ss:Horizontal="Center" ss:Vertical="Bottom"/><NumberFormat/><Font ss:FontName="Calibri" ss:Size="10"/><Borders><Border ss:Position="Top" ss:LineStyle="Continuous" ss:Weight="1"/></Borders></Style><Style ss:ID="s22"><Alignment ss:Horizontal="Center" ss:Vertical="Bottom"/><Font ss:FontName="Calibri" ss:Size="10"/><NumberFormat/></Style><Style ss:ID="s23"><Alignment ss:Horizontal="Center" ss:Vertical="Bottom"/><NumberFormat/><Font ss:FontName="Calibri" ss:Size="10"/><Borders><Border ss:Position="Bottom" ss:LineStyle="Continuous" ss:Weight="1"/></Borders></Style><Style ss:ID="s24"><Font ss:FontName="Calibri" ss:Size="10"/><NumberFormat/></Style><Style ss:ID="s31"><Font ss:FontName="Calibri" ss:Size="10"/><Borders><Border ss:Position="Top" ss:LineStyle="Continuous" ss:Weight="1"/></Borders></Style><Style ss:ID="s32"><Font ss:FontName="Calibri" ss:Size="10"/><Borders/></Style><Style ss:ID="s33"><Font ss:FontName="Calibri" ss:Size="10"/><Borders><Border ss:Position="Bottom" ss:LineStyle="Continuous" ss:Weight="1"/></Borders></Style></Styles><Names></Names><Worksheet ss:Name="Sheet1"><Table ss:ExpandedColumnCount="7" ss:ExpandedRowCount="24" x:FullColumns="1" x:FullRows="1"><Column ss:AutoFitWidth="0" ss:Width="256"/><Column ss:AutoFitWidth="0" ss:Width="58"/><Column ss:AutoFitWidth="0" ss:Width="58"/><Column ss:AutoFitWidth="0" ss:Width="58"/><Column ss:AutoFitWidth="0" ss:Width="58"/><Column ss:AutoFitWidth="0" ss:Width="58"/><Column ss:AutoFitWidth="0" ss:Width="58"/><Row></Row><Row><Cell ss:StyleID="s31"><Data ss:Type="String"></Data></Cell><Cell ss:StyleID="s21"><Data ss:Type="String">(1)</Data></Cell><Cell ss:StyleID="s21"><Data ss:Type="String">(2)</Data></Cell><Cell ss:StyleID="s21"><Data ss:Type="String">(3)</Data></Cell><Cell ss:StyleID="s21"><Data ss:Type="String">(4)</Data></Cell><Cell ss:StyleID="s21"><Data ss:Type="String">(5)</Data></Cell><Cell ss:StyleID="s21"><Data ss:Type="String">(6)</Data></Cell></Row><Row><Cell ss:StyleID="s32"><Data ss:Type="String">VARIABLES</Data></Cell><Cell ss:StyleID="s22"><Data ss:Type="String">Endline. Participates (at least a month May-Dec)</Data></Cell><Cell ss:StyleID="s22"><Data ss:Type="String">Endline. Participates (always)</Data></Cell><Cell ss:StyleID="s22"><Data ss:Type="String">Endline. Months Participating (May-Dec)</Data></Cell><Cell ss:StyleID="s22"><Data ss:Type="String">Endline. Works (at least once a month May-Dec)</Data></Cell><Cell ss:StyleID="s22"><Data ss:Type="String">Endline. Works (always)</Data></Cell><Cell ss:StyleID="s22"><Data ss:Type="String">Endline. Worked Months</Data></Cell></Row><Row><Cell ss:StyleID="s31"><Data ss:Type="String"></Data></Cell><Cell ss:StyleID="s21"><Data ss:Type="String"></Data></Cell><Cell ss:StyleID="s21"><Data ss:Type="String"></Data></Cell><Cell ss:StyleID="s21"><Data ss:Type="String"></Data></Cell><Cell ss:StyleID="s21"><Data ss:Type="String"></Data></Cell><Cell ss:StyleID="s21"><Data ss:Type="String"></Data></Cell><Cell ss:StyleID="s21"><Data ss:Type="String"></Data></Cell></Row><Row><Cell ss:StyleID="s32"><Data ss:Type="String">T * Works LB and &lt;= 5</Data></Cell><Cell ss:StyleID="s22"><Data ss:Type="String">0.046</Data></Cell><Cell ss:StyleID="s22"><Data ss:Type="String">0.088*</Data></Cell><Cell ss:StyleID="s22"><Data ss:Type="String">0.586**</Data></Cell><Cell ss:StyleID="s22"><Data ss:Type="String">0.052</Data></Cell><Cell ss:StyleID="s22"><Data ss:Type="String">0.067</Data></Cell><Cell ss:StyleID="s22"><Data ss:Type="String">0.584</Data></Cell></Row><Row><Cell ss:StyleID="s32"><Data ss:Type="String"></Data></Cell><Cell ss:StyleID="s22"><Data ss:Type="String">(0.029)</Data></Cell><Cell ss:StyleID="s22"><Data ss:Type="String">(0.046)</Data></Cell><Cell ss:StyleID="s22"><Data ss:Type="String">(0.257)</Data></Cell><Cell ss:StyleID="s22"><Data ss:Type="String">(0.046)</Data></Cell><Cell ss:StyleID="s22"><Data ss:Type="String">(0.056)</Data></Cell><Cell ss:StyleID="s22"><Data ss:Type="String">(0.460)</Data></Cell></Row><Row><Cell ss:StyleID="s32"><Data ss:Type="String">T * Does not Wo LB and &lt;= 5</Data></Cell><Cell ss:StyleID="s22"><Data ss:Type="String">0.095</Data></Cell><Cell ss:StyleID="s22"><Data ss:Type="String">0.188***</Data></Cell><Cell ss:StyleID="s22"><Data ss:Type="String">1.210**</Data></Cell><Cell ss:StyleID="s22"><Data ss:Type="String">0.080</Data></Cell><Cell ss:StyleID="s22"><Data ss:Type="String">0.123**</Data></Cell><Cell ss:StyleID="s22"><Data ss:Type="String">1.077**</Data></Cell></Row><Row><Cell ss:StyleID="s32"><Data ss:Type="String"></Data></Cell><Cell ss:StyleID="s22"><Data ss:Type="String">(0.083)</Data></Cell><Cell ss:StyleID="s22"><Data ss:Type="String">(0.064)</Data></Cell><Cell ss:StyleID="s22"><Data ss:Type="String">(0.480)</Data></Cell><Cell ss:StyleID="s22"><Data ss:Type="String">(0.087)</Data></Cell><Cell ss:StyleID="s22"><Data ss:Type="String">(0.055)</Data></Cell><Cell ss:StyleID="s22"><Data ss:Type="String">(0.501)</Data></Cell></Row><Row><Cell ss:StyleID="s32"><Data ss:Type="String">T * Works LB and &gt; 5</Data></Cell><Cell ss:StyleID="s22"><Data ss:Type="String">0.019</Data></Cell><Cell ss:StyleID="s22"><Data ss:Type="String">0.027</Data></Cell><Cell ss:StyleID="s22"><Data ss:Type="String">0.171</Data></Cell><Cell ss:StyleID="s22"><Data ss:Type="String">0.027</Data></Cell><Cell ss:StyleID="s22"><Data ss:Type="String">0.015</Data></Cell><Cell ss:StyleID="s22"><Data ss:Type="String">0.146</Data></Cell></Row><Row><Cell ss:StyleID="s32"><Data ss:Type="String"></Data></Cell><Cell ss:StyleID="s22"><Data ss:Type="String">(0.020)</Data></Cell><Cell ss:StyleID="s22"><Data ss:Type="String">(0.033)</Data></Cell><Cell ss:StyleID="s22"><Data ss:Type="String">(0.196)</Data></Cell><Cell ss:StyleID="s22"><Data ss:Type="String">(0.020)</Data></Cell><Cell ss:StyleID="s22"><Data ss:Type="String">(0.037)</Data></Cell><Cell ss:StyleID="s22"><Data ss:Type="String">(0.248)</Data></Cell></Row><Row><Cell ss:StyleID="s32"><Data ss:Type="String">T * Does not Wo LB and &gt; 5</Data></Cell><Cell ss:StyleID="s22"><Data ss:Type="String">0.013</Data></Cell><Cell ss:StyleID="s22"><Data ss:Type="String">-0.007</Data></Cell><Cell ss:StyleID="s22"><Data ss:Type="String">0.085</Data></Cell><Cell ss:StyleID="s22"><Data ss:Type="String">0.019</Data></Cell><Cell ss:StyleID="s22"><Data ss:Type="String">0.029</Data></Cell><Cell ss:StyleID="s22"><Data ss:Type="String">0.402</Data></Cell></Row><Row><Cell ss:StyleID="s32"><Data ss:Type="String"></Data></Cell><Cell ss:StyleID="s22"><Data ss:Type="String">(0.068)</Data></Cell><Cell ss:StyleID="s22"><Data ss:Type="String">(0.068)</Data></Cell><Cell ss:StyleID="s22"><Data ss:Type="String">(0.474)</Data></Cell><Cell ss:StyleID="s22"><Data ss:Type="String">(0.054)</Data></Cell><Cell ss:StyleID="s22"><Data ss:Type="String">(0.058)</Data></Cell><Cell ss:StyleID="s22"><Data ss:Type="String">(0.558)</Data></Cell></Row><Row><Cell ss:StyleID="s32"><Data ss:Type="String"></Data></Cell><Cell ss:StyleID="s22"><Data ss:Type="String"></Data></Cell><Cell ss:StyleID="s22"><Data ss:Type="String"></Data></Cell><Cell ss:StyleID="s22"><Data ss:Type="String"></Data></Cell><Cell ss:StyleID="s22"><Data ss:Type="String"></Data></Cell><Cell ss:StyleID="s22"><Data ss:Type="String"></Data></Cell><Cell ss:StyleID="s22"><Data ss:Type="String"></Data></Cell></Row><Row><Cell ss:StyleID="s32"><Data ss:Type="String">Observations</Data></Cell><Cell ss:StyleID="s22"><Data ss:Type="String">1,767</Data></Cell><Cell ss:StyleID="s22"><Data ss:Type="String">1,767</Data></Cell><Cell ss:StyleID="s22"><Data ss:Type="String">1,767</Data></Cell><Cell ss:StyleID="s22"><Data ss:Type="String">1,767</Data></Cell><Cell ss:StyleID="s22"><Data ss:Type="String">1,767</Data></Cell><Cell ss:StyleID="s22"><Data ss:Type="String">1,767</Data></Cell></Row><Row><Cell ss:StyleID="s32"><Data ss:Type="String">R-squared</Data></Cell><Cell ss:StyleID="s22"><Data ss:Type="String">0.207</Data></Cell><Cell ss:StyleID="s22"><Data ss:Type="String">0.208</Data></Cell><Cell ss:StyleID="s22"><Data ss:Type="String">0.239</Data></Cell><Cell ss:StyleID="s22"><Data ss:Type="String">0.217</Data></Cell><Cell ss:StyleID="s22"><Data ss:Type="String">0.196</Data></Cell><Cell ss:StyleID="s22"><Data ss:Type="String">0.238</Data></Cell></Row><Row><Cell ss:StyleID="s32"><Data ss:Type="String">Works LB and &lt;= 5</Data></Cell><Cell ss:StyleID="s22"><Data ss:Type="String">0.733</Data></Cell><Cell ss:StyleID="s22"><Data ss:Type="String">0.553</Data></Cell><Cell ss:StyleID="s22"><Data ss:Type="String">5.112</Data></Cell><Cell ss:StyleID="s22"><Data ss:Type="String">0.696</Data></Cell><Cell ss:StyleID="s22"><Data ss:Type="String">0.497</Data></Cell><Cell ss:StyleID="s22"><Data ss:Type="String">5.963</Data></Cell></Row><Row><Cell ss:StyleID="s32"><Data ss:Type="String">Does not Wo LB and &lt;= 5</Data></Cell><Cell ss:StyleID="s22"><Data ss:Type="String">0.438</Data></Cell><Cell ss:StyleID="s22"><Data ss:Type="String">0.229</Data></Cell><Cell ss:StyleID="s22"><Data ss:Type="String">2.438</Data></Cell><Cell ss:StyleID="s22"><Data ss:Type="String">0.396</Data></Cell><Cell ss:StyleID="s22"><Data ss:Type="String">0.146</Data></Cell><Cell ss:StyleID="s22"><Data ss:Type="String">2.292</Data></Cell></Row><Row><Cell ss:StyleID="s32"><Data ss:Type="String">Works LB and &gt; 5</Data></Cell><Cell ss:StyleID="s22"><Data ss:Type="String">0.819</Data></Cell><Cell ss:StyleID="s22"><Data ss:Type="String">0.690</Data></Cell><Cell ss:StyleID="s22"><Data ss:Type="String">6.053</Data></Cell><Cell ss:StyleID="s22"><Data ss:Type="String">0.793</Data></Cell><Cell ss:StyleID="s22"><Data ss:Type="String">0.606</Data></Cell><Cell ss:StyleID="s22"><Data ss:Type="String">7.019</Data></Cell></Row><Row><Cell ss:StyleID="s32"><Data ss:Type="String">Does not Wo LB and &gt; 5</Data></Cell><Cell ss:StyleID="s22"><Data ss:Type="String">0.578</Data></Cell><Cell ss:StyleID="s22"><Data ss:Type="String">0.400</Data></Cell><Cell ss:StyleID="s22"><Data ss:Type="String">3.633</Data></Cell><Cell ss:StyleID="s22"><Data ss:Type="String">0.478</Data></Cell><Cell ss:StyleID="s22"><Data ss:Type="String">0.311</Data></Cell><Cell ss:StyleID="s22"><Data ss:Type="String">3.578</Data></Cell></Row><Row><Cell ss:StyleID="s32"><Data ss:Type="String">Test F (all equal):</Data></Cell><Cell ss:StyleID="s22"><Data ss:Type="String">0.676</Data></Cell><Cell ss:StyleID="s22"><Data ss:Type="String">0.077</Data></Cell><Cell ss:StyleID="s22"><Data ss:Type="String">0.142</Data></Cell><Cell ss:StyleID="s22"><Data ss:Type="String">0.857</Data></Cell><Cell ss:StyleID="s22"><Data ss:Type="String">0.443</Data></Cell><Cell ss:StyleID="s22"><Data ss:Type="String">0.290</Data></Cell></Row><Row><Cell ss:StyleID="s32"><Data ss:Type="String">Test F (baby coeff equal):</Data></Cell><Cell ss:StyleID="s22"><Data ss:Type="String">0.578</Data></Cell><Cell ss:StyleID="s22"><Data ss:Type="String">0.179</Data></Cell><Cell ss:StyleID="s22"><Data ss:Type="String">0.219</Data></Cell><Cell ss:StyleID="s22"><Data ss:Type="String">0.796</Data></Cell><Cell ss:StyleID="s22"><Data ss:Type="String">0.470</Data></Cell><Cell ss:StyleID="s22"><Data ss:Type="String">0.480</Data></Cell></Row><Row><Cell ss:StyleID="s33"><Data ss:Type="String">Test F (H0: strata1_2 different strata 3_4):</Data></Cell><Cell ss:StyleID="s23"><Data ss:Type="String">0.301</Data></Cell><Cell ss:StyleID="s23"><Data ss:Type="String">0.095</Data></Cell><Cell ss:StyleID="s23"><Data ss:Type="String">0.066</Data></Cell><Cell ss:StyleID="s23"><Data ss:Type="String">0.462</Data></Cell><Cell ss:StyleID="s23"><Data ss:Type="String">0.325</Data></Cell><Cell ss:StyleID="s23"><Data ss:Type="String">0.270</Data></Cell></Row><Row><Cell ss:StyleID="s24"><Data ss:Type="String">Robust standard errors in parentheses</Data></Cell></Row><Row><Cell ss:StyleID="s24"><Data ss:Type="String">*** p&lt;0.01, ** p&lt;0.05, * p&lt;0.1</Data></Cell></Row></Table><WorksheetOptions xmlns="urn:schemas-microsoft-com:office:excel"><ProtectedObjects>False</ProtectedObjects><ProtectedScenarios>False</ProtectedScenarios></WorksheetOptions></Worksheet></Workbook>