<?xml version="1.0" encoding="US-ASCII" standalone="yes"?><?mso-application progid="Excel.Sheet"?><Workbook xmlns="urn:schemas-microsoft-com:office:spreadsheet" xmlns:o="urn:schemas-microsoft-com:office:office" xmlns:x="urn:schemas-microsoft-com:office:excel" xmlns:ss="urn:schemas-microsoft-com:office:spreadsheet" xmlns:html="http://www.w3.org/TR/REC-html40"><DocumentProperties xmlns="urn:schemas-microsoft-com:office:office"><Author></Author><LastAuthor></LastAuthor><Created></Created><LastSaved></LastSaved><Company></Company><Version></Version></DocumentProperties><ExcelWorkbook  xmlns="urn:schemas-microsoft-com:office:excel"><ProtectStructure>False</ProtectStructure><ProtectWindows>False</ProtectWindows></ExcelWorkbook><Styles><Style ss:ID="Default" ss:Name="Normal"><Alignment ss:Vertical="Bottom"/><Borders/><Font ss:FontName="Calibri" ss:Size="10"/><Interior/><NumberFormat/><Protection/></Style><Style ss:ID="s1"><Font ss:FontName="Calibri" ss:Bold="1" ss:Size="12"/><NumberFormat/></Style><Style ss:ID="s21"><Alignment ss:Horizontal="Center" ss:Vertical="Bottom"/><NumberFormat/><Font ss:FontName="Calibri" ss:Size="10"/><Borders><Border ss:Position="Top" ss:LineStyle="Continuous" ss:Weight="1"/></Borders></Style><Style ss:ID="s22"><Alignment ss:Horizontal="Center" ss:Vertical="Bottom"/><Font ss:FontName="Calibri" ss:Size="10"/><NumberFormat/></Style><Style ss:ID="s23"><Alignment ss:Horizontal="Center" ss:Vertical="Bottom"/><NumberFormat/><Font ss:FontName="Calibri" ss:Size="10"/><Borders><Border ss:Position="Bottom" ss:LineStyle="Continuous" ss:Weight="1"/></Borders></Style><Style ss:ID="s24"><Font ss:FontName="Calibri" ss:Size="10"/><NumberFormat/></Style><Style ss:ID="s31"><Font ss:FontName="Calibri" ss:Size="10"/><Borders><Border ss:Position="Top" ss:LineStyle="Continuous" ss:Weight="1"/></Borders></Style><Style ss:ID="s32"><Font ss:FontName="Calibri" ss:Size="10"/><Borders/></Style><Style ss:ID="s33"><Font ss:FontName="Calibri" ss:Size="10"/><Borders><Border ss:Position="Bottom" ss:LineStyle="Continuous" ss:Weight="1"/></Borders></Style></Styles><Names></Names><Worksheet ss:Name="Sheet1"><Table ss:ExpandedColumnCount="7" ss:ExpandedRowCount="24" x:FullColumns="1" x:FullRows="1"><Column ss:AutoFitWidth="0" ss:Width="256"/><Column ss:AutoFitWidth="0" ss:Width="58"/><Column ss:AutoFitWidth="0" ss:Width="58"/><Column ss:AutoFitWidth="0" ss:Width="58"/><Column ss:AutoFitWidth="0" ss:Width="58"/><Column ss:AutoFitWidth="0" ss:Width="58"/><Column ss:AutoFitWidth="0" ss:Width="58"/><Row></Row><Row><Cell ss:StyleID="s31"><Data ss:Type="String"></Data></Cell><Cell ss:StyleID="s21"><Data ss:Type="String">(1)</Data></Cell><Cell ss:StyleID="s21"><Data ss:Type="String">(2)</Data></Cell><Cell ss:StyleID="s21"><Data ss:Type="String">(3)</Data></Cell><Cell ss:StyleID="s21"><Data ss:Type="String">(4)</Data></Cell><Cell ss:StyleID="s21"><Data ss:Type="String">(5)</Data></Cell><Cell ss:StyleID="s21"><Data ss:Type="String">(6)</Data></Cell></Row><Row><Cell ss:StyleID="s32"><Data ss:Type="String">VARIABLES</Data></Cell><Cell ss:StyleID="s22"><Data ss:Type="String">Endline. Annual Expenses in Education</Data></Cell><Cell ss:StyleID="s22"><Data ss:Type="String">Endline. Food Expenses</Data></Cell><Cell ss:StyleID="s22"><Data ss:Type="String">Endline. Child Clothing Expenses</Data></Cell><Cell ss:StyleID="s22"><Data ss:Type="String">Endline. Female Clothing Expenses</Data></Cell><Cell ss:StyleID="s22"><Data ss:Type="String">Endline. Male Clothing Expenses</Data></Cell><Cell ss:StyleID="s22"><Data ss:Type="String">Endline. Other Expenses</Data></Cell></Row><Row><Cell ss:StyleID="s31"><Data ss:Type="String"></Data></Cell><Cell ss:StyleID="s21"><Data ss:Type="String"></Data></Cell><Cell ss:StyleID="s21"><Data ss:Type="String"></Data></Cell><Cell ss:StyleID="s21"><Data ss:Type="String"></Data></Cell><Cell ss:StyleID="s21"><Data ss:Type="String"></Data></Cell><Cell ss:StyleID="s21"><Data ss:Type="String"></Data></Cell><Cell ss:StyleID="s21"><Data ss:Type="String"></Data></Cell></Row><Row><Cell ss:StyleID="s32"><Data ss:Type="String">T * Works LB and &lt;= 5</Data></Cell><Cell ss:StyleID="s22"><Data ss:Type="String">2.409</Data></Cell><Cell ss:StyleID="s22"><Data ss:Type="String">6.050</Data></Cell><Cell ss:StyleID="s22"><Data ss:Type="String">15.484*</Data></Cell><Cell ss:StyleID="s22"><Data ss:Type="String">6.382**</Data></Cell><Cell ss:StyleID="s22"><Data ss:Type="String">2.724</Data></Cell><Cell ss:StyleID="s22"><Data ss:Type="String">19.227</Data></Cell></Row><Row><Cell ss:StyleID="s32"><Data ss:Type="String"></Data></Cell><Cell ss:StyleID="s22"><Data ss:Type="String">(6.198)</Data></Cell><Cell ss:StyleID="s22"><Data ss:Type="String">(11.620)</Data></Cell><Cell ss:StyleID="s22"><Data ss:Type="String">(8.463)</Data></Cell><Cell ss:StyleID="s22"><Data ss:Type="String">(3.006)</Data></Cell><Cell ss:StyleID="s22"><Data ss:Type="String">(2.564)</Data></Cell><Cell ss:StyleID="s22"><Data ss:Type="String">(12.641)</Data></Cell></Row><Row><Cell ss:StyleID="s32"><Data ss:Type="String">T * Does not Wo LB and &lt;= 5</Data></Cell><Cell ss:StyleID="s22"><Data ss:Type="String">0.829</Data></Cell><Cell ss:StyleID="s22"><Data ss:Type="String">-4.534</Data></Cell><Cell ss:StyleID="s22"><Data ss:Type="String">-38.429</Data></Cell><Cell ss:StyleID="s22"><Data ss:Type="String">-3.569</Data></Cell><Cell ss:StyleID="s22"><Data ss:Type="String">1.277</Data></Cell><Cell ss:StyleID="s22"><Data ss:Type="String">-18.845</Data></Cell></Row><Row><Cell ss:StyleID="s32"><Data ss:Type="String"></Data></Cell><Cell ss:StyleID="s22"><Data ss:Type="String">(12.575)</Data></Cell><Cell ss:StyleID="s22"><Data ss:Type="String">(18.410)</Data></Cell><Cell ss:StyleID="s22"><Data ss:Type="String">(38.543)</Data></Cell><Cell ss:StyleID="s22"><Data ss:Type="String">(8.082)</Data></Cell><Cell ss:StyleID="s22"><Data ss:Type="String">(3.305)</Data></Cell><Cell ss:StyleID="s22"><Data ss:Type="String">(37.960)</Data></Cell></Row><Row><Cell ss:StyleID="s32"><Data ss:Type="String">T * Works LB and &gt; 5</Data></Cell><Cell ss:StyleID="s22"><Data ss:Type="String">6.424</Data></Cell><Cell ss:StyleID="s22"><Data ss:Type="String">-12.312</Data></Cell><Cell ss:StyleID="s22"><Data ss:Type="String">-34.553</Data></Cell><Cell ss:StyleID="s22"><Data ss:Type="String">2.747</Data></Cell><Cell ss:StyleID="s22"><Data ss:Type="String">-0.370</Data></Cell><Cell ss:StyleID="s22"><Data ss:Type="String">-7.812</Data></Cell></Row><Row><Cell ss:StyleID="s32"><Data ss:Type="String"></Data></Cell><Cell ss:StyleID="s22"><Data ss:Type="String">(4.513)</Data></Cell><Cell ss:StyleID="s22"><Data ss:Type="String">(9.927)</Data></Cell><Cell ss:StyleID="s22"><Data ss:Type="String">(36.080)</Data></Cell><Cell ss:StyleID="s22"><Data ss:Type="String">(1.757)</Data></Cell><Cell ss:StyleID="s22"><Data ss:Type="String">(1.417)</Data></Cell><Cell ss:StyleID="s22"><Data ss:Type="String">(9.566)</Data></Cell></Row><Row><Cell ss:StyleID="s32"><Data ss:Type="String">T * Does not Wo LB and &gt; 5</Data></Cell><Cell ss:StyleID="s22"><Data ss:Type="String">12.390</Data></Cell><Cell ss:StyleID="s22"><Data ss:Type="String">17.795</Data></Cell><Cell ss:StyleID="s22"><Data ss:Type="String">13.189</Data></Cell><Cell ss:StyleID="s22"><Data ss:Type="String">3.960</Data></Cell><Cell ss:StyleID="s22"><Data ss:Type="String">-1.753</Data></Cell><Cell ss:StyleID="s22"><Data ss:Type="String">22.798</Data></Cell></Row><Row><Cell ss:StyleID="s32"><Data ss:Type="String"></Data></Cell><Cell ss:StyleID="s22"><Data ss:Type="String">(9.576)</Data></Cell><Cell ss:StyleID="s22"><Data ss:Type="String">(21.125)</Data></Cell><Cell ss:StyleID="s22"><Data ss:Type="String">(10.188)</Data></Cell><Cell ss:StyleID="s22"><Data ss:Type="String">(3.986)</Data></Cell><Cell ss:StyleID="s22"><Data ss:Type="String">(5.568)</Data></Cell><Cell ss:StyleID="s22"><Data ss:Type="String">(16.278)</Data></Cell></Row><Row><Cell ss:StyleID="s32"><Data ss:Type="String"></Data></Cell><Cell ss:StyleID="s22"><Data ss:Type="String"></Data></Cell><Cell ss:StyleID="s22"><Data ss:Type="String"></Data></Cell><Cell ss:StyleID="s22"><Data ss:Type="String"></Data></Cell><Cell ss:StyleID="s22"><Data ss:Type="String"></Data></Cell><Cell ss:StyleID="s22"><Data ss:Type="String"></Data></Cell><Cell ss:StyleID="s22"><Data ss:Type="String"></Data></Cell></Row><Row><Cell ss:StyleID="s32"><Data ss:Type="String">Observations</Data></Cell><Cell ss:StyleID="s22"><Data ss:Type="String">1,639</Data></Cell><Cell ss:StyleID="s22"><Data ss:Type="String">1,731</Data></Cell><Cell ss:StyleID="s22"><Data ss:Type="String">1,670</Data></Cell><Cell ss:StyleID="s22"><Data ss:Type="String">1,651</Data></Cell><Cell ss:StyleID="s22"><Data ss:Type="String">1,613</Data></Cell><Cell ss:StyleID="s22"><Data ss:Type="String">1,594</Data></Cell></Row><Row><Cell ss:StyleID="s32"><Data ss:Type="String">R-squared</Data></Cell><Cell ss:StyleID="s22"><Data ss:Type="String">0.109</Data></Cell><Cell ss:StyleID="s22"><Data ss:Type="String">0.160</Data></Cell><Cell ss:StyleID="s22"><Data ss:Type="String">0.019</Data></Cell><Cell ss:StyleID="s22"><Data ss:Type="String">0.099</Data></Cell><Cell ss:StyleID="s22"><Data ss:Type="String">0.108</Data></Cell><Cell ss:StyleID="s22"><Data ss:Type="String">0.178</Data></Cell></Row><Row><Cell ss:StyleID="s32"><Data ss:Type="String">Works LB and &lt;= 5</Data></Cell><Cell ss:StyleID="s22"><Data ss:Type="String">52.329</Data></Cell><Cell ss:StyleID="s22"><Data ss:Type="String">210.483</Data></Cell><Cell ss:StyleID="s22"><Data ss:Type="String">33.382</Data></Cell><Cell ss:StyleID="s22"><Data ss:Type="String">15.699</Data></Cell><Cell ss:StyleID="s22"><Data ss:Type="String">11.003</Data></Cell><Cell ss:StyleID="s22"><Data ss:Type="String">160.791</Data></Cell></Row><Row><Cell ss:StyleID="s32"><Data ss:Type="String">Does not Wo LB and &lt;= 5</Data></Cell><Cell ss:StyleID="s22"><Data ss:Type="String">53.249</Data></Cell><Cell ss:StyleID="s22"><Data ss:Type="String">220.429</Data></Cell><Cell ss:StyleID="s22"><Data ss:Type="String">59.081</Data></Cell><Cell ss:StyleID="s22"><Data ss:Type="String">19.723</Data></Cell><Cell ss:StyleID="s22"><Data ss:Type="String">13.120</Data></Cell><Cell ss:StyleID="s22"><Data ss:Type="String">196.338</Data></Cell></Row><Row><Cell ss:StyleID="s32"><Data ss:Type="String">Works LB and &gt; 5</Data></Cell><Cell ss:StyleID="s22"><Data ss:Type="String">47.382</Data></Cell><Cell ss:StyleID="s22"><Data ss:Type="String">232.275</Data></Cell><Cell ss:StyleID="s22"><Data ss:Type="String">74.421</Data></Cell><Cell ss:StyleID="s22"><Data ss:Type="String">18.457</Data></Cell><Cell ss:StyleID="s22"><Data ss:Type="String">12.322</Data></Cell><Cell ss:StyleID="s22"><Data ss:Type="String">190.482</Data></Cell></Row><Row><Cell ss:StyleID="s32"><Data ss:Type="String">Does not Wo LB and &gt; 5</Data></Cell><Cell ss:StyleID="s22"><Data ss:Type="String">43.537</Data></Cell><Cell ss:StyleID="s22"><Data ss:Type="String">209.936</Data></Cell><Cell ss:StyleID="s22"><Data ss:Type="String">34.861</Data></Cell><Cell ss:StyleID="s22"><Data ss:Type="String">15.449</Data></Cell><Cell ss:StyleID="s22"><Data ss:Type="String">20.215</Data></Cell><Cell ss:StyleID="s22"><Data ss:Type="String">152.958</Data></Cell></Row><Row><Cell ss:StyleID="s32"><Data ss:Type="String">Test F (all equal):</Data></Cell><Cell ss:StyleID="s22"><Data ss:Type="String">0.815</Data></Cell><Cell ss:StyleID="s22"><Data ss:Type="String">0.492</Data></Cell><Cell ss:StyleID="s22"><Data ss:Type="String">0.414</Data></Cell><Cell ss:StyleID="s22"><Data ss:Type="String">0.593</Data></Cell><Cell ss:StyleID="s22"><Data ss:Type="String">0.719</Data></Cell><Cell ss:StyleID="s22"><Data ss:Type="String">0.200</Data></Cell></Row><Row><Cell ss:StyleID="s32"><Data ss:Type="String">Test F (baby coeff equal):</Data></Cell><Cell ss:StyleID="s22"><Data ss:Type="String">0.910</Data></Cell><Cell ss:StyleID="s22"><Data ss:Type="String">0.627</Data></Cell><Cell ss:StyleID="s22"><Data ss:Type="String">0.172</Data></Cell><Cell ss:StyleID="s22"><Data ss:Type="String">0.248</Data></Cell><Cell ss:StyleID="s22"><Data ss:Type="String">0.729</Data></Cell><Cell ss:StyleID="s22"><Data ss:Type="String">0.342</Data></Cell></Row><Row><Cell ss:StyleID="s33"><Data ss:Type="String">Test F (H0: strata1_2 different strata 3_4):</Data></Cell><Cell ss:StyleID="s23"><Data ss:Type="String">0.452</Data></Cell><Cell ss:StyleID="s23"><Data ss:Type="String">0.378</Data></Cell><Cell ss:StyleID="s23"><Data ss:Type="String">0.349</Data></Cell><Cell ss:StyleID="s23"><Data ss:Type="String">0.617</Data></Cell><Cell ss:StyleID="s23"><Data ss:Type="String">0.247</Data></Cell><Cell ss:StyleID="s23"><Data ss:Type="String">0.290</Data></Cell></Row><Row><Cell ss:StyleID="s24"><Data ss:Type="String">Robust standard errors in parentheses</Data></Cell></Row><Row><Cell ss:StyleID="s24"><Data ss:Type="String">*** p&lt;0.01, ** p&lt;0.05, * p&lt;0.1</Data></Cell></Row></Table><WorksheetOptions xmlns="urn:schemas-microsoft-com:office:excel"><ProtectedObjects>False</ProtectedObjects><ProtectedScenarios>False</ProtectedScenarios></WorksheetOptions></Worksheet></Workbook>