<?xml version="1.0" encoding="US-ASCII" standalone="yes"?><?mso-application progid="Excel.Sheet"?><Workbook xmlns="urn:schemas-microsoft-com:office:spreadsheet" xmlns:o="urn:schemas-microsoft-com:office:office" xmlns:x="urn:schemas-microsoft-com:office:excel" xmlns:ss="urn:schemas-microsoft-com:office:spreadsheet" xmlns:html="http://www.w3.org/TR/REC-html40"><DocumentProperties xmlns="urn:schemas-microsoft-com:office:office"><Author></Author><LastAuthor></LastAuthor><Created></Created><LastSaved></LastSaved><Company></Company><Version></Version></DocumentProperties><ExcelWorkbook  xmlns="urn:schemas-microsoft-com:office:excel"><ProtectStructure>False</ProtectStructure><ProtectWindows>False</ProtectWindows></ExcelWorkbook><Styles><Style ss:ID="Default" ss:Name="Normal"><Alignment ss:Vertical="Bottom"/><Borders/><Font ss:FontName="Calibri" ss:Size="10"/><Interior/><NumberFormat/><Protection/></Style><Style ss:ID="s1"><Font ss:FontName="Calibri" ss:Bold="1" ss:Size="12"/><NumberFormat/></Style><Style ss:ID="s21"><Alignment ss:Horizontal="Center" ss:Vertical="Bottom"/><NumberFormat/><Font ss:FontName="Calibri" ss:Size="10"/><Borders><Border ss:Position="Top" ss:LineStyle="Continuous" ss:Weight="1"/></Borders></Style><Style ss:ID="s22"><Alignment ss:Horizontal="Center" ss:Vertical="Bottom"/><Font ss:FontName="Calibri" ss:Size="10"/><NumberFormat/></Style><Style ss:ID="s23"><Alignment ss:Horizontal="Center" ss:Vertical="Bottom"/><NumberFormat/><Font ss:FontName="Calibri" ss:Size="10"/><Borders><Border ss:Position="Bottom" ss:LineStyle="Continuous" ss:Weight="1"/></Borders></Style><Style ss:ID="s24"><Font ss:FontName="Calibri" ss:Size="10"/><NumberFormat/></Style><Style ss:ID="s31"><Font ss:FontName="Calibri" ss:Size="10"/><Borders><Border ss:Position="Top" ss:LineStyle="Continuous" ss:Weight="1"/></Borders></Style><Style ss:ID="s32"><Font ss:FontName="Calibri" ss:Size="10"/><Borders/></Style><Style ss:ID="s33"><Font ss:FontName="Calibri" ss:Size="10"/><Borders><Border ss:Position="Bottom" ss:LineStyle="Continuous" ss:Weight="1"/></Borders></Style></Styles><Names></Names><Worksheet ss:Name="Sheet1"><Table ss:ExpandedColumnCount="7" ss:ExpandedRowCount="21" x:FullColumns="1" x:FullRows="1"><Column ss:AutoFitWidth="0" ss:Width="138"/><Column ss:AutoFitWidth="0" ss:Width="58"/><Column ss:AutoFitWidth="0" ss:Width="58"/><Column ss:AutoFitWidth="0" ss:Width="58"/><Column ss:AutoFitWidth="0" ss:Width="58"/><Column ss:AutoFitWidth="0" ss:Width="58"/><Column ss:AutoFitWidth="0" ss:Width="58"/><Row></Row><Row><Cell ss:StyleID="s31"><Data ss:Type="String"></Data></Cell><Cell ss:StyleID="s21"><Data ss:Type="String">(1)</Data></Cell><Cell ss:StyleID="s21"><Data ss:Type="String">(2)</Data></Cell><Cell ss:StyleID="s21"><Data ss:Type="String">(3)</Data></Cell><Cell ss:StyleID="s21"><Data ss:Type="String">(4)</Data></Cell><Cell ss:StyleID="s21"><Data ss:Type="String">(5)</Data></Cell><Cell ss:StyleID="s21"><Data ss:Type="String">(6)</Data></Cell></Row><Row><Cell ss:StyleID="s32"><Data ss:Type="String">VARIABLES</Data></Cell><Cell ss:StyleID="s22"><Data ss:Type="String">Endline. Annual Expenses in Education</Data></Cell><Cell ss:StyleID="s22"><Data ss:Type="String">Endline. Food Expenses</Data></Cell><Cell ss:StyleID="s22"><Data ss:Type="String">Endline. Child Clothing Expenses</Data></Cell><Cell ss:StyleID="s22"><Data ss:Type="String">Endline. Female Clothing Expenses</Data></Cell><Cell ss:StyleID="s22"><Data ss:Type="String">Endline. Male Clothing Expenses</Data></Cell><Cell ss:StyleID="s22"><Data ss:Type="String">Endline. Other Expenses</Data></Cell></Row><Row><Cell ss:StyleID="s31"><Data ss:Type="String"></Data></Cell><Cell ss:StyleID="s21"><Data ss:Type="String"></Data></Cell><Cell ss:StyleID="s21"><Data ss:Type="String"></Data></Cell><Cell ss:StyleID="s21"><Data ss:Type="String"></Data></Cell><Cell ss:StyleID="s21"><Data ss:Type="String"></Data></Cell><Cell ss:StyleID="s21"><Data ss:Type="String"></Data></Cell><Cell ss:StyleID="s21"><Data ss:Type="String"></Data></Cell></Row><Row><Cell ss:StyleID="s32"><Data ss:Type="String">trabybebe_iv</Data></Cell><Cell ss:StyleID="s22"><Data ss:Type="String">8.802</Data></Cell><Cell ss:StyleID="s22"><Data ss:Type="String">24.678</Data></Cell><Cell ss:StyleID="s22"><Data ss:Type="String">60.471</Data></Cell><Cell ss:StyleID="s22"><Data ss:Type="String">24.127*</Data></Cell><Cell ss:StyleID="s22"><Data ss:Type="String">10.663</Data></Cell><Cell ss:StyleID="s22"><Data ss:Type="String">74.438</Data></Cell></Row><Row><Cell ss:StyleID="s32"><Data ss:Type="String"></Data></Cell><Cell ss:StyleID="s22"><Data ss:Type="String">(19.295)</Data></Cell><Cell ss:StyleID="s22"><Data ss:Type="String">(44.270)</Data></Cell><Cell ss:StyleID="s22"><Data ss:Type="String">(44.614)</Data></Cell><Cell ss:StyleID="s22"><Data ss:Type="String">(13.303)</Data></Cell><Cell ss:StyleID="s22"><Data ss:Type="String">(11.058)</Data></Cell><Cell ss:StyleID="s22"><Data ss:Type="String">(47.563)</Data></Cell></Row><Row><Cell ss:StyleID="s32"><Data ss:Type="String">notrabybebe_iv</Data></Cell><Cell ss:StyleID="s22"><Data ss:Type="String">1.601</Data></Cell><Cell ss:StyleID="s22"><Data ss:Type="String">-14.466</Data></Cell><Cell ss:StyleID="s22"><Data ss:Type="String">-112.146</Data></Cell><Cell ss:StyleID="s22"><Data ss:Type="String">-10.695</Data></Cell><Cell ss:StyleID="s22"><Data ss:Type="String">3.892</Data></Cell><Cell ss:StyleID="s22"><Data ss:Type="String">-59.291</Data></Cell></Row><Row><Cell ss:StyleID="s32"><Data ss:Type="String"></Data></Cell><Cell ss:StyleID="s22"><Data ss:Type="String">(38.797)</Data></Cell><Cell ss:StyleID="s22"><Data ss:Type="String">(64.612)</Data></Cell><Cell ss:StyleID="s22"><Data ss:Type="String">(95.607)</Data></Cell><Cell ss:StyleID="s22"><Data ss:Type="String">(19.915)</Data></Cell><Cell ss:StyleID="s22"><Data ss:Type="String">(8.977)</Data></Cell><Cell ss:StyleID="s22"><Data ss:Type="String">(70.615)</Data></Cell></Row><Row><Cell ss:StyleID="s32"><Data ss:Type="String">trabynobebe_iv</Data></Cell><Cell ss:StyleID="s22"><Data ss:Type="String">22.087</Data></Cell><Cell ss:StyleID="s22"><Data ss:Type="String">-41.882</Data></Cell><Cell ss:StyleID="s22"><Data ss:Type="String">-118.520</Data></Cell><Cell ss:StyleID="s22"><Data ss:Type="String">9.248</Data></Cell><Cell ss:StyleID="s22"><Data ss:Type="String">-1.276</Data></Cell><Cell ss:StyleID="s22"><Data ss:Type="String">-27.020</Data></Cell></Row><Row><Cell ss:StyleID="s32"><Data ss:Type="String"></Data></Cell><Cell ss:StyleID="s22"><Data ss:Type="String">(15.213)</Data></Cell><Cell ss:StyleID="s22"><Data ss:Type="String">(31.834)</Data></Cell><Cell ss:StyleID="s22"><Data ss:Type="String">(121.298)</Data></Cell><Cell ss:StyleID="s22"><Data ss:Type="String">(6.628)</Data></Cell><Cell ss:StyleID="s22"><Data ss:Type="String">(4.371)</Data></Cell><Cell ss:StyleID="s22"><Data ss:Type="String">(28.427)</Data></Cell></Row><Row><Cell ss:StyleID="s32"><Data ss:Type="String">notrabynobebe_iv</Data></Cell><Cell ss:StyleID="s22"><Data ss:Type="String">34.880</Data></Cell><Cell ss:StyleID="s22"><Data ss:Type="String">46.139</Data></Cell><Cell ss:StyleID="s22"><Data ss:Type="String">35.398</Data></Cell><Cell ss:StyleID="s22"><Data ss:Type="String">10.486</Data></Cell><Cell ss:StyleID="s22"><Data ss:Type="String">-5.151</Data></Cell><Cell ss:StyleID="s22"><Data ss:Type="String">64.750**</Data></Cell></Row><Row><Cell ss:StyleID="s32"><Data ss:Type="String"></Data></Cell><Cell ss:StyleID="s22"><Data ss:Type="String">(29.621)</Data></Cell><Cell ss:StyleID="s22"><Data ss:Type="String">(39.842)</Data></Cell><Cell ss:StyleID="s22"><Data ss:Type="String">(28.717)</Data></Cell><Cell ss:StyleID="s22"><Data ss:Type="String">(10.448)</Data></Cell><Cell ss:StyleID="s22"><Data ss:Type="String">(12.237)</Data></Cell><Cell ss:StyleID="s22"><Data ss:Type="String">(29.423)</Data></Cell></Row><Row><Cell ss:StyleID="s32"><Data ss:Type="String"></Data></Cell><Cell ss:StyleID="s22"><Data ss:Type="String"></Data></Cell><Cell ss:StyleID="s22"><Data ss:Type="String"></Data></Cell><Cell ss:StyleID="s22"><Data ss:Type="String"></Data></Cell><Cell ss:StyleID="s22"><Data ss:Type="String"></Data></Cell><Cell ss:StyleID="s22"><Data ss:Type="String"></Data></Cell><Cell ss:StyleID="s22"><Data ss:Type="String"></Data></Cell></Row><Row><Cell ss:StyleID="s32"><Data ss:Type="String">Observations</Data></Cell><Cell ss:StyleID="s22"><Data ss:Type="String">1,639</Data></Cell><Cell ss:StyleID="s22"><Data ss:Type="String">1,731</Data></Cell><Cell ss:StyleID="s22"><Data ss:Type="String">1,670</Data></Cell><Cell ss:StyleID="s22"><Data ss:Type="String">1,651</Data></Cell><Cell ss:StyleID="s22"><Data ss:Type="String">1,613</Data></Cell><Cell ss:StyleID="s22"><Data ss:Type="String">1,594</Data></Cell></Row><Row><Cell ss:StyleID="s32"><Data ss:Type="String">R-squared</Data></Cell><Cell ss:StyleID="s22"><Data ss:Type="String">0.081</Data></Cell><Cell ss:StyleID="s22"><Data ss:Type="String">0.153</Data></Cell><Cell ss:StyleID="s22"><Data ss:Type="String">0.004</Data></Cell><Cell ss:StyleID="s22"><Data ss:Type="String">0.061</Data></Cell><Cell ss:StyleID="s22"><Data ss:Type="String">0.102</Data></Cell><Cell ss:StyleID="s22"><Data ss:Type="String">0.175</Data></Cell></Row><Row><Cell ss:StyleID="s32"><Data ss:Type="String">Works LB and &lt;= 5</Data></Cell><Cell ss:StyleID="s22"><Data ss:Type="String">52.329</Data></Cell><Cell ss:StyleID="s22"><Data ss:Type="String">210.483</Data></Cell><Cell ss:StyleID="s22"><Data ss:Type="String">33.382</Data></Cell><Cell ss:StyleID="s22"><Data ss:Type="String">15.699</Data></Cell><Cell ss:StyleID="s22"><Data ss:Type="String">11.003</Data></Cell><Cell ss:StyleID="s22"><Data ss:Type="String">160.791</Data></Cell></Row><Row><Cell ss:StyleID="s32"><Data ss:Type="String">Does not Wo LB and &lt;= 5</Data></Cell><Cell ss:StyleID="s22"><Data ss:Type="String">53.249</Data></Cell><Cell ss:StyleID="s22"><Data ss:Type="String">220.429</Data></Cell><Cell ss:StyleID="s22"><Data ss:Type="String">59.081</Data></Cell><Cell ss:StyleID="s22"><Data ss:Type="String">19.723</Data></Cell><Cell ss:StyleID="s22"><Data ss:Type="String">13.120</Data></Cell><Cell ss:StyleID="s22"><Data ss:Type="String">196.338</Data></Cell></Row><Row><Cell ss:StyleID="s32"><Data ss:Type="String">Works LB and &gt; 5</Data></Cell><Cell ss:StyleID="s22"><Data ss:Type="String">47.382</Data></Cell><Cell ss:StyleID="s22"><Data ss:Type="String">232.275</Data></Cell><Cell ss:StyleID="s22"><Data ss:Type="String">74.421</Data></Cell><Cell ss:StyleID="s22"><Data ss:Type="String">18.457</Data></Cell><Cell ss:StyleID="s22"><Data ss:Type="String">12.322</Data></Cell><Cell ss:StyleID="s22"><Data ss:Type="String">190.482</Data></Cell></Row><Row><Cell ss:StyleID="s33"><Data ss:Type="String">Does not Wo LB and &gt; 5</Data></Cell><Cell ss:StyleID="s23"><Data ss:Type="String">43.537</Data></Cell><Cell ss:StyleID="s23"><Data ss:Type="String">209.936</Data></Cell><Cell ss:StyleID="s23"><Data ss:Type="String">34.861</Data></Cell><Cell ss:StyleID="s23"><Data ss:Type="String">15.449</Data></Cell><Cell ss:StyleID="s23"><Data ss:Type="String">20.215</Data></Cell><Cell ss:StyleID="s23"><Data ss:Type="String">152.958</Data></Cell></Row><Row><Cell ss:StyleID="s24"><Data ss:Type="String">Robust standard errors in parentheses</Data></Cell></Row><Row><Cell ss:StyleID="s24"><Data ss:Type="String">*** p&lt;0.01, ** p&lt;0.05, * p&lt;0.1</Data></Cell></Row></Table><WorksheetOptions xmlns="urn:schemas-microsoft-com:office:excel"><ProtectedObjects>False</ProtectedObjects><ProtectedScenarios>False</ProtectedScenarios></WorksheetOptions></Worksheet></Workbook>