<?xml version="1.0" encoding="US-ASCII" standalone="yes"?><?mso-application progid="Excel.Sheet"?><Workbook xmlns="urn:schemas-microsoft-com:office:spreadsheet" xmlns:o="urn:schemas-microsoft-com:office:office" xmlns:x="urn:schemas-microsoft-com:office:excel" xmlns:ss="urn:schemas-microsoft-com:office:spreadsheet" xmlns:html="http://www.w3.org/TR/REC-html40"><DocumentProperties xmlns="urn:schemas-microsoft-com:office:office"><Author></Author><LastAuthor></LastAuthor><Created></Created><LastSaved></LastSaved><Company></Company><Version></Version></DocumentProperties><ExcelWorkbook  xmlns="urn:schemas-microsoft-com:office:excel"><ProtectStructure>False</ProtectStructure><ProtectWindows>False</ProtectWindows></ExcelWorkbook><Styles><Style ss:ID="Default" ss:Name="Normal"><Alignment ss:Vertical="Bottom"/><Borders/><Font ss:FontName="Calibri" ss:Size="10"/><Interior/><NumberFormat/><Protection/></Style><Style ss:ID="s1"><Font ss:FontName="Calibri" ss:Bold="1" ss:Size="12"/><NumberFormat/></Style><Style ss:ID="s21"><Alignment ss:Horizontal="Center" ss:Vertical="Bottom"/><NumberFormat/><Font ss:FontName="Calibri" ss:Size="10"/><Borders><Border ss:Position="Top" ss:LineStyle="Continuous" ss:Weight="1"/></Borders></Style><Style ss:ID="s22"><Alignment ss:Horizontal="Center" ss:Vertical="Bottom"/><Font ss:FontName="Calibri" ss:Size="10"/><NumberFormat/></Style><Style ss:ID="s23"><Alignment ss:Horizontal="Center" ss:Vertical="Bottom"/><NumberFormat/><Font ss:FontName="Calibri" ss:Size="10"/><Borders><Border ss:Position="Bottom" ss:LineStyle="Continuous" ss:Weight="1"/></Borders></Style><Style ss:ID="s24"><Font ss:FontName="Calibri" ss:Size="10"/><NumberFormat/></Style><Style ss:ID="s31"><Font ss:FontName="Calibri" ss:Size="10"/><Borders><Border ss:Position="Top" ss:LineStyle="Continuous" ss:Weight="1"/></Borders></Style><Style ss:ID="s32"><Font ss:FontName="Calibri" ss:Size="10"/><Borders/></Style><Style ss:ID="s33"><Font ss:FontName="Calibri" ss:Size="10"/><Borders><Border ss:Position="Bottom" ss:LineStyle="Continuous" ss:Weight="1"/></Borders></Style></Styles><Names></Names><Worksheet ss:Name="Sheet1"><Table ss:ExpandedColumnCount="7" ss:ExpandedRowCount="21" x:FullColumns="1" x:FullRows="1"><Column ss:AutoFitWidth="0" ss:Width="138"/><Column ss:AutoFitWidth="0" ss:Width="58"/><Column ss:AutoFitWidth="0" ss:Width="58"/><Column ss:AutoFitWidth="0" ss:Width="58"/><Column ss:AutoFitWidth="0" ss:Width="58"/><Column ss:AutoFitWidth="0" ss:Width="58"/><Column ss:AutoFitWidth="0" ss:Width="58"/><Row></Row><Row><Cell ss:StyleID="s31"><Data ss:Type="String"></Data></Cell><Cell ss:StyleID="s21"><Data ss:Type="String">(1)</Data></Cell><Cell ss:StyleID="s21"><Data ss:Type="String">(2)</Data></Cell><Cell ss:StyleID="s21"><Data ss:Type="String">(3)</Data></Cell><Cell ss:StyleID="s21"><Data ss:Type="String">(4)</Data></Cell><Cell ss:StyleID="s21"><Data ss:Type="String">(5)</Data></Cell><Cell ss:StyleID="s21"><Data ss:Type="String">(6)</Data></Cell></Row><Row><Cell ss:StyleID="s32"><Data ss:Type="String">VARIABLES</Data></Cell><Cell ss:StyleID="s22"><Data ss:Type="String">Endline. Participates (at least a month May-Dec)</Data></Cell><Cell ss:StyleID="s22"><Data ss:Type="String">Endline. Participates (always)</Data></Cell><Cell ss:StyleID="s22"><Data ss:Type="String">Endline. Months Participating (May-Dec)</Data></Cell><Cell ss:StyleID="s22"><Data ss:Type="String">Endline. Works (at least once a month May-Dec)</Data></Cell><Cell ss:StyleID="s22"><Data ss:Type="String">Endline. Works (always)</Data></Cell><Cell ss:StyleID="s22"><Data ss:Type="String">Endline. Worked Months</Data></Cell></Row><Row><Cell ss:StyleID="s31"><Data ss:Type="String"></Data></Cell><Cell ss:StyleID="s21"><Data ss:Type="String"></Data></Cell><Cell ss:StyleID="s21"><Data ss:Type="String"></Data></Cell><Cell ss:StyleID="s21"><Data ss:Type="String"></Data></Cell><Cell ss:StyleID="s21"><Data ss:Type="String"></Data></Cell><Cell ss:StyleID="s21"><Data ss:Type="String"></Data></Cell><Cell ss:StyleID="s21"><Data ss:Type="String"></Data></Cell></Row><Row><Cell ss:StyleID="s32"><Data ss:Type="String">trabybebe_iv</Data></Cell><Cell ss:StyleID="s22"><Data ss:Type="String">0.186</Data></Cell><Cell ss:StyleID="s22"><Data ss:Type="String">0.358</Data></Cell><Cell ss:StyleID="s22"><Data ss:Type="String">2.378*</Data></Cell><Cell ss:StyleID="s22"><Data ss:Type="String">0.209</Data></Cell><Cell ss:StyleID="s22"><Data ss:Type="String">0.274</Data></Cell><Cell ss:StyleID="s22"><Data ss:Type="String">2.368</Data></Cell></Row><Row><Cell ss:StyleID="s32"><Data ss:Type="String"></Data></Cell><Cell ss:StyleID="s22"><Data ss:Type="String">(0.141)</Data></Cell><Cell ss:StyleID="s22"><Data ss:Type="String">(0.230)</Data></Cell><Cell ss:StyleID="s22"><Data ss:Type="String">(1.354)</Data></Cell><Cell ss:StyleID="s22"><Data ss:Type="String">(0.203)</Data></Cell><Cell ss:StyleID="s22"><Data ss:Type="String">(0.238)</Data></Cell><Cell ss:StyleID="s22"><Data ss:Type="String">(1.967)</Data></Cell></Row><Row><Cell ss:StyleID="s32"><Data ss:Type="String">notrabybebe_iv</Data></Cell><Cell ss:StyleID="s22"><Data ss:Type="String">0.304</Data></Cell><Cell ss:StyleID="s22"><Data ss:Type="String">0.601***</Data></Cell><Cell ss:StyleID="s22"><Data ss:Type="String">3.858***</Data></Cell><Cell ss:StyleID="s22"><Data ss:Type="String">0.254</Data></Cell><Cell ss:StyleID="s22"><Data ss:Type="String">0.392*</Data></Cell><Cell ss:StyleID="s22"><Data ss:Type="String">3.431*</Data></Cell></Row><Row><Cell ss:StyleID="s32"><Data ss:Type="String"></Data></Cell><Cell ss:StyleID="s22"><Data ss:Type="String">(0.226)</Data></Cell><Cell ss:StyleID="s22"><Data ss:Type="String">(0.168)</Data></Cell><Cell ss:StyleID="s22"><Data ss:Type="String">(1.257)</Data></Cell><Cell ss:StyleID="s22"><Data ss:Type="String">(0.261)</Data></Cell><Cell ss:StyleID="s22"><Data ss:Type="String">(0.218)</Data></Cell><Cell ss:StyleID="s22"><Data ss:Type="String">(1.836)</Data></Cell></Row><Row><Cell ss:StyleID="s32"><Data ss:Type="String">trabynobebe_iv</Data></Cell><Cell ss:StyleID="s22"><Data ss:Type="String">0.066</Data></Cell><Cell ss:StyleID="s22"><Data ss:Type="String">0.094</Data></Cell><Cell ss:StyleID="s22"><Data ss:Type="String">0.593</Data></Cell><Cell ss:StyleID="s22"><Data ss:Type="String">0.094</Data></Cell><Cell ss:StyleID="s22"><Data ss:Type="String">0.053</Data></Cell><Cell ss:StyleID="s22"><Data ss:Type="String">0.506</Data></Cell></Row><Row><Cell ss:StyleID="s32"><Data ss:Type="String"></Data></Cell><Cell ss:StyleID="s22"><Data ss:Type="String">(0.066)</Data></Cell><Cell ss:StyleID="s22"><Data ss:Type="String">(0.108)</Data></Cell><Cell ss:StyleID="s22"><Data ss:Type="String">(0.644)</Data></Cell><Cell ss:StyleID="s22"><Data ss:Type="String">(0.068)</Data></Cell><Cell ss:StyleID="s22"><Data ss:Type="String">(0.119)</Data></Cell><Cell ss:StyleID="s22"><Data ss:Type="String">(0.815)</Data></Cell></Row><Row><Cell ss:StyleID="s32"><Data ss:Type="String">notrabynobebe_iv</Data></Cell><Cell ss:StyleID="s22"><Data ss:Type="String">0.033</Data></Cell><Cell ss:StyleID="s22"><Data ss:Type="String">-0.018</Data></Cell><Cell ss:StyleID="s22"><Data ss:Type="String">0.221</Data></Cell><Cell ss:StyleID="s22"><Data ss:Type="String">0.049</Data></Cell><Cell ss:StyleID="s22"><Data ss:Type="String">0.076</Data></Cell><Cell ss:StyleID="s22"><Data ss:Type="String">1.042</Data></Cell></Row><Row><Cell ss:StyleID="s32"><Data ss:Type="String"></Data></Cell><Cell ss:StyleID="s22"><Data ss:Type="String">(0.167)</Data></Cell><Cell ss:StyleID="s22"><Data ss:Type="String">(0.169)</Data></Cell><Cell ss:StyleID="s22"><Data ss:Type="String">(1.155)</Data></Cell><Cell ss:StyleID="s22"><Data ss:Type="String">(0.134)</Data></Cell><Cell ss:StyleID="s22"><Data ss:Type="String">(0.143)</Data></Cell><Cell ss:StyleID="s22"><Data ss:Type="String">(1.380)</Data></Cell></Row><Row><Cell ss:StyleID="s32"><Data ss:Type="String"></Data></Cell><Cell ss:StyleID="s22"><Data ss:Type="String"></Data></Cell><Cell ss:StyleID="s22"><Data ss:Type="String"></Data></Cell><Cell ss:StyleID="s22"><Data ss:Type="String"></Data></Cell><Cell ss:StyleID="s22"><Data ss:Type="String"></Data></Cell><Cell ss:StyleID="s22"><Data ss:Type="String"></Data></Cell><Cell ss:StyleID="s22"><Data ss:Type="String"></Data></Cell></Row><Row><Cell ss:StyleID="s32"><Data ss:Type="String">Observations</Data></Cell><Cell ss:StyleID="s22"><Data ss:Type="String">1,767</Data></Cell><Cell ss:StyleID="s22"><Data ss:Type="String">1,767</Data></Cell><Cell ss:StyleID="s22"><Data ss:Type="String">1,767</Data></Cell><Cell ss:StyleID="s22"><Data ss:Type="String">1,767</Data></Cell><Cell ss:StyleID="s22"><Data ss:Type="String">1,767</Data></Cell><Cell ss:StyleID="s22"><Data ss:Type="String">1,767</Data></Cell></Row><Row><Cell ss:StyleID="s32"><Data ss:Type="String">R-squared</Data></Cell><Cell ss:StyleID="s22"><Data ss:Type="String">0.210</Data></Cell><Cell ss:StyleID="s22"><Data ss:Type="String">0.183</Data></Cell><Cell ss:StyleID="s22"><Data ss:Type="String">0.228</Data></Cell><Cell ss:StyleID="s22"><Data ss:Type="String">0.217</Data></Cell><Cell ss:StyleID="s22"><Data ss:Type="String">0.184</Data></Cell><Cell ss:StyleID="s22"><Data ss:Type="String">0.232</Data></Cell></Row><Row><Cell ss:StyleID="s32"><Data ss:Type="String">Works LB and &lt;= 5</Data></Cell><Cell ss:StyleID="s22"><Data ss:Type="String">0.733</Data></Cell><Cell ss:StyleID="s22"><Data ss:Type="String">0.553</Data></Cell><Cell ss:StyleID="s22"><Data ss:Type="String">5.112</Data></Cell><Cell ss:StyleID="s22"><Data ss:Type="String">0.696</Data></Cell><Cell ss:StyleID="s22"><Data ss:Type="String">0.497</Data></Cell><Cell ss:StyleID="s22"><Data ss:Type="String">5.963</Data></Cell></Row><Row><Cell ss:StyleID="s32"><Data ss:Type="String">Does not Wo LB and &lt;= 5</Data></Cell><Cell ss:StyleID="s22"><Data ss:Type="String">0.438</Data></Cell><Cell ss:StyleID="s22"><Data ss:Type="String">0.229</Data></Cell><Cell ss:StyleID="s22"><Data ss:Type="String">2.438</Data></Cell><Cell ss:StyleID="s22"><Data ss:Type="String">0.396</Data></Cell><Cell ss:StyleID="s22"><Data ss:Type="String">0.146</Data></Cell><Cell ss:StyleID="s22"><Data ss:Type="String">2.292</Data></Cell></Row><Row><Cell ss:StyleID="s32"><Data ss:Type="String">Works LB and &gt; 5</Data></Cell><Cell ss:StyleID="s22"><Data ss:Type="String">0.819</Data></Cell><Cell ss:StyleID="s22"><Data ss:Type="String">0.690</Data></Cell><Cell ss:StyleID="s22"><Data ss:Type="String">6.053</Data></Cell><Cell ss:StyleID="s22"><Data ss:Type="String">0.793</Data></Cell><Cell ss:StyleID="s22"><Data ss:Type="String">0.606</Data></Cell><Cell ss:StyleID="s22"><Data ss:Type="String">7.019</Data></Cell></Row><Row><Cell ss:StyleID="s33"><Data ss:Type="String">Does not Wo LB and &gt; 5</Data></Cell><Cell ss:StyleID="s23"><Data ss:Type="String">0.578</Data></Cell><Cell ss:StyleID="s23"><Data ss:Type="String">0.400</Data></Cell><Cell ss:StyleID="s23"><Data ss:Type="String">3.633</Data></Cell><Cell ss:StyleID="s23"><Data ss:Type="String">0.478</Data></Cell><Cell ss:StyleID="s23"><Data ss:Type="String">0.311</Data></Cell><Cell ss:StyleID="s23"><Data ss:Type="String">3.578</Data></Cell></Row><Row><Cell ss:StyleID="s24"><Data ss:Type="String">Robust standard errors in parentheses</Data></Cell></Row><Row><Cell ss:StyleID="s24"><Data ss:Type="String">*** p&lt;0.01, ** p&lt;0.05, * p&lt;0.1</Data></Cell></Row></Table><WorksheetOptions xmlns="urn:schemas-microsoft-com:office:excel"><ProtectedObjects>False</ProtectedObjects><ProtectedScenarios>False</ProtectedScenarios></WorksheetOptions></Worksheet></Workbook>