<?xml version="1.0" encoding="US-ASCII" standalone="yes"?><?mso-application progid="Excel.Sheet"?><Workbook xmlns="urn:schemas-microsoft-com:office:spreadsheet" xmlns:o="urn:schemas-microsoft-com:office:office" xmlns:x="urn:schemas-microsoft-com:office:excel" xmlns:ss="urn:schemas-microsoft-com:office:spreadsheet" xmlns:html="http://www.w3.org/TR/REC-html40"><DocumentProperties xmlns="urn:schemas-microsoft-com:office:office"><Author></Author><LastAuthor></LastAuthor><Created></Created><LastSaved></LastSaved><Company></Company><Version></Version></DocumentProperties><ExcelWorkbook  xmlns="urn:schemas-microsoft-com:office:excel"><ProtectStructure>False</ProtectStructure><ProtectWindows>False</ProtectWindows></ExcelWorkbook><Styles><Style ss:ID="Default" ss:Name="Normal"><Alignment ss:Vertical="Bottom"/><Borders/><Font ss:FontName="Calibri" ss:Size="10"/><Interior/><NumberFormat/><Protection/></Style><Style ss:ID="s1"><Font ss:FontName="Calibri" ss:Bold="1" ss:Size="12"/><NumberFormat/></Style><Style ss:ID="s21"><Alignment ss:Horizontal="Center" ss:Vertical="Bottom"/><NumberFormat/><Font ss:FontName="Calibri" ss:Size="10"/><Borders><Border ss:Position="Top" ss:LineStyle="Continuous" ss:Weight="1"/></Borders></Style><Style ss:ID="s22"><Alignment ss:Horizontal="Center" ss:Vertical="Bottom"/><Font ss:FontName="Calibri" ss:Size="10"/><NumberFormat/></Style><Style ss:ID="s23"><Alignment ss:Horizontal="Center" ss:Vertical="Bottom"/><NumberFormat/><Font ss:FontName="Calibri" ss:Size="10"/><Borders><Border ss:Position="Bottom" ss:LineStyle="Continuous" ss:Weight="1"/></Borders></Style><Style ss:ID="s24"><Font ss:FontName="Calibri" ss:Size="10"/><NumberFormat/></Style><Style ss:ID="s31"><Font ss:FontName="Calibri" ss:Size="10"/><Borders><Border ss:Position="Top" ss:LineStyle="Continuous" ss:Weight="1"/></Borders></Style><Style ss:ID="s32"><Font ss:FontName="Calibri" ss:Size="10"/><Borders/></Style><Style ss:ID="s33"><Font ss:FontName="Calibri" ss:Size="10"/><Borders><Border ss:Position="Bottom" ss:LineStyle="Continuous" ss:Weight="1"/></Borders></Style></Styles><Names></Names><Worksheet ss:Name="Sheet1"><Table ss:ExpandedColumnCount="5" ss:ExpandedRowCount="21" x:FullColumns="1" x:FullRows="1"><Column ss:AutoFitWidth="0" ss:Width="138"/><Column ss:AutoFitWidth="0" ss:Width="58"/><Column ss:AutoFitWidth="0" ss:Width="58"/><Column ss:AutoFitWidth="0" ss:Width="58"/><Column ss:AutoFitWidth="0" ss:Width="58"/><Row></Row><Row><Cell ss:StyleID="s31"><Data ss:Type="String"></Data></Cell><Cell ss:StyleID="s21"><Data ss:Type="String">(1)</Data></Cell><Cell ss:StyleID="s21"><Data ss:Type="String">(2)</Data></Cell><Cell ss:StyleID="s21"><Data ss:Type="String">(3)</Data></Cell><Cell ss:StyleID="s21"><Data ss:Type="String">(4)</Data></Cell></Row><Row><Cell ss:StyleID="s32"><Data ss:Type="String">VARIABLES</Data></Cell><Cell ss:StyleID="s22"><Data ss:Type="String">Endline. Worked Hours</Data></Cell><Cell ss:StyleID="s22"><Data ss:Type="String">Endline. Monthly income</Data></Cell><Cell ss:StyleID="s22"><Data ss:Type="String">Endline. Hourly income</Data></Cell><Cell ss:StyleID="s22"><Data ss:Type="String">Endline. Stress Index</Data></Cell></Row><Row><Cell ss:StyleID="s31"><Data ss:Type="String"></Data></Cell><Cell ss:StyleID="s21"><Data ss:Type="String"></Data></Cell><Cell ss:StyleID="s21"><Data ss:Type="String"></Data></Cell><Cell ss:StyleID="s21"><Data ss:Type="String"></Data></Cell><Cell ss:StyleID="s21"><Data ss:Type="String"></Data></Cell></Row><Row><Cell ss:StyleID="s32"><Data ss:Type="String">trabybebe_iv</Data></Cell><Cell ss:StyleID="s22"><Data ss:Type="String">4.280</Data></Cell><Cell ss:StyleID="s22"><Data ss:Type="String">71.046</Data></Cell><Cell ss:StyleID="s22"><Data ss:Type="String">1.323</Data></Cell><Cell ss:StyleID="s22"><Data ss:Type="String">-0.902</Data></Cell></Row><Row><Cell ss:StyleID="s32"><Data ss:Type="String"></Data></Cell><Cell ss:StyleID="s22"><Data ss:Type="String">(7.538)</Data></Cell><Cell ss:StyleID="s22"><Data ss:Type="String">(86.284)</Data></Cell><Cell ss:StyleID="s22"><Data ss:Type="String">(1.342)</Data></Cell><Cell ss:StyleID="s22"><Data ss:Type="String">(3.731)</Data></Cell></Row><Row><Cell ss:StyleID="s32"><Data ss:Type="String">notrabybebe_iv</Data></Cell><Cell ss:StyleID="s22"><Data ss:Type="String">12.882</Data></Cell><Cell ss:StyleID="s22"><Data ss:Type="String">158.861*</Data></Cell><Cell ss:StyleID="s22"><Data ss:Type="String">1.729*</Data></Cell><Cell ss:StyleID="s22"><Data ss:Type="String">1.946</Data></Cell></Row><Row><Cell ss:StyleID="s32"><Data ss:Type="String"></Data></Cell><Cell ss:StyleID="s22"><Data ss:Type="String">(10.043)</Data></Cell><Cell ss:StyleID="s22"><Data ss:Type="String">(94.834)</Data></Cell><Cell ss:StyleID="s22"><Data ss:Type="String">(0.972)</Data></Cell><Cell ss:StyleID="s22"><Data ss:Type="String">(6.894)</Data></Cell></Row><Row><Cell ss:StyleID="s32"><Data ss:Type="String">trabynobebe_iv</Data></Cell><Cell ss:StyleID="s22"><Data ss:Type="String">2.104</Data></Cell><Cell ss:StyleID="s22"><Data ss:Type="String">42.412</Data></Cell><Cell ss:StyleID="s22"><Data ss:Type="String">0.560</Data></Cell><Cell ss:StyleID="s22"><Data ss:Type="String">0.652</Data></Cell></Row><Row><Cell ss:StyleID="s32"><Data ss:Type="String"></Data></Cell><Cell ss:StyleID="s22"><Data ss:Type="String">(4.787)</Data></Cell><Cell ss:StyleID="s22"><Data ss:Type="String">(42.257)</Data></Cell><Cell ss:StyleID="s22"><Data ss:Type="String">(0.523)</Data></Cell><Cell ss:StyleID="s22"><Data ss:Type="String">(1.838)</Data></Cell></Row><Row><Cell ss:StyleID="s32"><Data ss:Type="String">notrabynobebe_iv</Data></Cell><Cell ss:StyleID="s22"><Data ss:Type="String">-7.707</Data></Cell><Cell ss:StyleID="s22"><Data ss:Type="String">-44.491</Data></Cell><Cell ss:StyleID="s22"><Data ss:Type="String">2.484**</Data></Cell><Cell ss:StyleID="s22"><Data ss:Type="String">-6.402***</Data></Cell></Row><Row><Cell ss:StyleID="s32"><Data ss:Type="String"></Data></Cell><Cell ss:StyleID="s22"><Data ss:Type="String">(5.439)</Data></Cell><Cell ss:StyleID="s22"><Data ss:Type="String">(90.414)</Data></Cell><Cell ss:StyleID="s22"><Data ss:Type="String">(1.107)</Data></Cell><Cell ss:StyleID="s22"><Data ss:Type="String">(1.549)</Data></Cell></Row><Row><Cell ss:StyleID="s32"><Data ss:Type="String"></Data></Cell><Cell ss:StyleID="s22"><Data ss:Type="String"></Data></Cell><Cell ss:StyleID="s22"><Data ss:Type="String"></Data></Cell><Cell ss:StyleID="s22"><Data ss:Type="String"></Data></Cell><Cell ss:StyleID="s22"><Data ss:Type="String"></Data></Cell></Row><Row><Cell ss:StyleID="s32"><Data ss:Type="String">Observations</Data></Cell><Cell ss:StyleID="s22"><Data ss:Type="String">1,681</Data></Cell><Cell ss:StyleID="s22"><Data ss:Type="String">1,666</Data></Cell><Cell ss:StyleID="s22"><Data ss:Type="String">1,618</Data></Cell><Cell ss:StyleID="s22"><Data ss:Type="String">1,665</Data></Cell></Row><Row><Cell ss:StyleID="s32"><Data ss:Type="String">R-squared</Data></Cell><Cell ss:StyleID="s22"><Data ss:Type="String">0.185</Data></Cell><Cell ss:StyleID="s22"><Data ss:Type="String">0.217</Data></Cell><Cell ss:StyleID="s22"><Data ss:Type="String">0.110</Data></Cell><Cell ss:StyleID="s22"><Data ss:Type="String">0.116</Data></Cell></Row><Row><Cell ss:StyleID="s32"><Data ss:Type="String">Works LB and &lt;= 5</Data></Cell><Cell ss:StyleID="s22"><Data ss:Type="String">26.417</Data></Cell><Cell ss:StyleID="s22"><Data ss:Type="String">240.876</Data></Cell><Cell ss:StyleID="s22"><Data ss:Type="String">1.747</Data></Cell><Cell ss:StyleID="s22"><Data ss:Type="String">26.000</Data></Cell></Row><Row><Cell ss:StyleID="s32"><Data ss:Type="String">Does not Wo LB and &lt;= 5</Data></Cell><Cell ss:StyleID="s22"><Data ss:Type="String">12.830</Data></Cell><Cell ss:StyleID="s22"><Data ss:Type="String">106.969</Data></Cell><Cell ss:StyleID="s22"><Data ss:Type="String">0.987</Data></Cell><Cell ss:StyleID="s22"><Data ss:Type="String">23.045</Data></Cell></Row><Row><Cell ss:StyleID="s32"><Data ss:Type="String">Works LB and &gt; 5</Data></Cell><Cell ss:StyleID="s22"><Data ss:Type="String">31.066</Data></Cell><Cell ss:StyleID="s22"><Data ss:Type="String">301.363</Data></Cell><Cell ss:StyleID="s22"><Data ss:Type="String">2.070</Data></Cell><Cell ss:StyleID="s22"><Data ss:Type="String">25.132</Data></Cell></Row><Row><Cell ss:StyleID="s33"><Data ss:Type="String">Does not Wo LB and &gt; 5</Data></Cell><Cell ss:StyleID="s23"><Data ss:Type="String">17.747</Data></Cell><Cell ss:StyleID="s23"><Data ss:Type="String">169.865</Data></Cell><Cell ss:StyleID="s23"><Data ss:Type="String">1.205</Data></Cell><Cell ss:StyleID="s23"><Data ss:Type="String">26.464</Data></Cell></Row><Row><Cell ss:StyleID="s24"><Data ss:Type="String">Robust standard errors in parentheses</Data></Cell></Row><Row><Cell ss:StyleID="s24"><Data ss:Type="String">*** p&lt;0.01, ** p&lt;0.05, * p&lt;0.1</Data></Cell></Row></Table><WorksheetOptions xmlns="urn:schemas-microsoft-com:office:excel"><ProtectedObjects>False</ProtectedObjects><ProtectedScenarios>False</ProtectedScenarios></WorksheetOptions></Worksheet></Workbook>