<?xml version="1.0" encoding="US-ASCII" standalone="yes"?><?mso-application progid="Excel.Sheet"?><Workbook xmlns="urn:schemas-microsoft-com:office:spreadsheet" xmlns:o="urn:schemas-microsoft-com:office:office" xmlns:x="urn:schemas-microsoft-com:office:excel" xmlns:ss="urn:schemas-microsoft-com:office:spreadsheet" xmlns:html="http://www.w3.org/TR/REC-html40"><DocumentProperties xmlns="urn:schemas-microsoft-com:office:office"><Author></Author><LastAuthor></LastAuthor><Created></Created><LastSaved></LastSaved><Company></Company><Version></Version></DocumentProperties><ExcelWorkbook  xmlns="urn:schemas-microsoft-com:office:excel"><ProtectStructure>False</ProtectStructure><ProtectWindows>False</ProtectWindows></ExcelWorkbook><Styles><Style ss:ID="Default" ss:Name="Normal"><Alignment ss:Vertical="Bottom"/><Borders/><Font ss:FontName="Calibri" ss:Size="10"/><Interior/><NumberFormat/><Protection/></Style><Style ss:ID="s1"><Font ss:FontName="Calibri" ss:Bold="1" ss:Size="12"/><NumberFormat/></Style><Style ss:ID="s21"><Alignment ss:Horizontal="Center" ss:Vertical="Bottom"/><NumberFormat/><Font ss:FontName="Calibri" ss:Size="10"/><Borders><Border ss:Position="Top" ss:LineStyle="Continuous" ss:Weight="1"/></Borders></Style><Style ss:ID="s22"><Alignment ss:Horizontal="Center" ss:Vertical="Bottom"/><Font ss:FontName="Calibri" ss:Size="10"/><NumberFormat/></Style><Style ss:ID="s23"><Alignment ss:Horizontal="Center" ss:Vertical="Bottom"/><NumberFormat/><Font ss:FontName="Calibri" ss:Size="10"/><Borders><Border ss:Position="Bottom" ss:LineStyle="Continuous" ss:Weight="1"/></Borders></Style><Style ss:ID="s24"><Font ss:FontName="Calibri" ss:Size="10"/><NumberFormat/></Style><Style ss:ID="s31"><Font ss:FontName="Calibri" ss:Size="10"/><Borders><Border ss:Position="Top" ss:LineStyle="Continuous" ss:Weight="1"/></Borders></Style><Style ss:ID="s32"><Font ss:FontName="Calibri" ss:Size="10"/><Borders/></Style><Style ss:ID="s33"><Font ss:FontName="Calibri" ss:Size="10"/><Borders><Border ss:Position="Bottom" ss:LineStyle="Continuous" ss:Weight="1"/></Borders></Style></Styles><Names></Names><Worksheet ss:Name="Sheet1"><Table ss:ExpandedColumnCount="7" ss:ExpandedRowCount="13" x:FullColumns="1" x:FullRows="1"><Column ss:AutoFitWidth="0" ss:Width="220"/><Column ss:AutoFitWidth="0" ss:Width="58"/><Column ss:AutoFitWidth="0" ss:Width="58"/><Column ss:AutoFitWidth="0" ss:Width="58"/><Column ss:AutoFitWidth="0" ss:Width="58"/><Column ss:AutoFitWidth="0" ss:Width="58"/><Column ss:AutoFitWidth="0" ss:Width="58"/><Row></Row><Row><Cell ss:StyleID="s31"><Data ss:Type="String"></Data></Cell><Cell ss:StyleID="s21"><Data ss:Type="String">(1)</Data></Cell><Cell ss:StyleID="s21"><Data ss:Type="String">(2)</Data></Cell><Cell ss:StyleID="s21"><Data ss:Type="String">(3)</Data></Cell><Cell ss:StyleID="s21"><Data ss:Type="String">(4)</Data></Cell><Cell ss:StyleID="s21"><Data ss:Type="String">(5)</Data></Cell><Cell ss:StyleID="s21"><Data ss:Type="String">(6)</Data></Cell></Row><Row><Cell ss:StyleID="s32"><Data ss:Type="String">VARIABLES</Data></Cell><Cell ss:StyleID="s22"><Data ss:Type="String">Endline. Annual Expenses in Education</Data></Cell><Cell ss:StyleID="s22"><Data ss:Type="String">Endline. Food Expenses</Data></Cell><Cell ss:StyleID="s22"><Data ss:Type="String">Endline. Child Clothing Expenses</Data></Cell><Cell ss:StyleID="s22"><Data ss:Type="String">Endline. Female Clothing Expenses</Data></Cell><Cell ss:StyleID="s22"><Data ss:Type="String">Endline. Male Clothing Expenses</Data></Cell><Cell ss:StyleID="s22"><Data ss:Type="String">Endline. Other Expenses</Data></Cell></Row><Row><Cell ss:StyleID="s31"><Data ss:Type="String"></Data></Cell><Cell ss:StyleID="s21"><Data ss:Type="String"></Data></Cell><Cell ss:StyleID="s21"><Data ss:Type="String"></Data></Cell><Cell ss:StyleID="s21"><Data ss:Type="String"></Data></Cell><Cell ss:StyleID="s21"><Data ss:Type="String"></Data></Cell><Cell ss:StyleID="s21"><Data ss:Type="String"></Data></Cell><Cell ss:StyleID="s21"><Data ss:Type="String"></Data></Cell></Row><Row><Cell ss:StyleID="s32"><Data ss:Type="String">Endline. Assist to the program at leas ones a week for any given month</Data></Cell><Cell ss:StyleID="s22"><Data ss:Type="String">20.294**</Data></Cell><Cell ss:StyleID="s22"><Data ss:Type="String">-16.421</Data></Cell><Cell ss:StyleID="s22"><Data ss:Type="String">-64.723</Data></Cell><Cell ss:StyleID="s22"><Data ss:Type="String">11.073*</Data></Cell><Cell ss:StyleID="s22"><Data ss:Type="String">0.740</Data></Cell><Cell ss:StyleID="s22"><Data ss:Type="String">1.661</Data></Cell></Row><Row><Cell ss:StyleID="s32"><Data ss:Type="String"></Data></Cell><Cell ss:StyleID="s22"><Data ss:Type="String">(8.950)</Data></Cell><Cell ss:StyleID="s22"><Data ss:Type="String">(25.997)</Data></Cell><Cell ss:StyleID="s22"><Data ss:Type="String">(68.230)</Data></Cell><Cell ss:StyleID="s22"><Data ss:Type="String">(5.894)</Data></Cell><Cell ss:StyleID="s22"><Data ss:Type="String">(3.613)</Data></Cell><Cell ss:StyleID="s22"><Data ss:Type="String">(22.729)</Data></Cell></Row><Row><Cell ss:StyleID="s32"><Data ss:Type="String"></Data></Cell><Cell ss:StyleID="s22"><Data ss:Type="String"></Data></Cell><Cell ss:StyleID="s22"><Data ss:Type="String"></Data></Cell><Cell ss:StyleID="s22"><Data ss:Type="String"></Data></Cell><Cell ss:StyleID="s22"><Data ss:Type="String"></Data></Cell><Cell ss:StyleID="s22"><Data ss:Type="String"></Data></Cell><Cell ss:StyleID="s22"><Data ss:Type="String"></Data></Cell></Row><Row><Cell ss:StyleID="s32"><Data ss:Type="String">Observations</Data></Cell><Cell ss:StyleID="s22"><Data ss:Type="String">1,639</Data></Cell><Cell ss:StyleID="s22"><Data ss:Type="String">1,731</Data></Cell><Cell ss:StyleID="s22"><Data ss:Type="String">1,670</Data></Cell><Cell ss:StyleID="s22"><Data ss:Type="String">1,651</Data></Cell><Cell ss:StyleID="s22"><Data ss:Type="String">1,613</Data></Cell><Cell ss:StyleID="s22"><Data ss:Type="String">1,594</Data></Cell></Row><Row><Cell ss:StyleID="s32"><Data ss:Type="String">R-squared</Data></Cell><Cell ss:StyleID="s22"><Data ss:Type="String">0.084</Data></Cell><Cell ss:StyleID="s22"><Data ss:Type="String">0.157</Data></Cell><Cell ss:StyleID="s22"><Data ss:Type="String">0.012</Data></Cell><Cell ss:StyleID="s22"><Data ss:Type="String">0.067</Data></Cell><Cell ss:StyleID="s22"><Data ss:Type="String">0.108</Data></Cell><Cell ss:StyleID="s22"><Data ss:Type="String">0.176</Data></Cell></Row><Row><Cell ss:StyleID="s32"><Data ss:Type="String">Control Mean</Data></Cell><Cell ss:StyleID="s22"><Data ss:Type="String">48.273</Data></Cell><Cell ss:StyleID="s22"><Data ss:Type="String">224.866</Data></Cell><Cell ss:StyleID="s22"><Data ss:Type="String">61.243</Data></Cell><Cell ss:StyleID="s22"><Data ss:Type="String">17.655</Data></Cell><Cell ss:StyleID="s22"><Data ss:Type="String">12.928</Data></Cell><Cell ss:StyleID="s22"><Data ss:Type="String">180.974</Data></Cell></Row><Row><Cell ss:StyleID="s33"><Data ss:Type="String">First Stage F</Data></Cell><Cell ss:StyleID="s23"><Data ss:Type="String">61.830</Data></Cell><Cell ss:StyleID="s23"><Data ss:Type="String">57.450</Data></Cell><Cell ss:StyleID="s23"><Data ss:Type="String">53.170</Data></Cell><Cell ss:StyleID="s23"><Data ss:Type="String">53.020</Data></Cell><Cell ss:StyleID="s23"><Data ss:Type="String">53.400</Data></Cell><Cell ss:StyleID="s23"><Data ss:Type="String">61.810</Data></Cell></Row><Row><Cell ss:StyleID="s24"><Data ss:Type="String">Robust standard errors in parentheses</Data></Cell></Row><Row><Cell ss:StyleID="s24"><Data ss:Type="String">*** p&lt;0.01, ** p&lt;0.05, * p&lt;0.1</Data></Cell></Row></Table><WorksheetOptions xmlns="urn:schemas-microsoft-com:office:excel"><ProtectedObjects>False</ProtectedObjects><ProtectedScenarios>False</ProtectedScenarios></WorksheetOptions></Worksheet></Workbook>