<?xml version="1.0" encoding="US-ASCII" standalone="yes"?><?mso-application progid="Excel.Sheet"?><Workbook xmlns="urn:schemas-microsoft-com:office:spreadsheet" xmlns:o="urn:schemas-microsoft-com:office:office" xmlns:x="urn:schemas-microsoft-com:office:excel" xmlns:ss="urn:schemas-microsoft-com:office:spreadsheet" xmlns:html="http://www.w3.org/TR/REC-html40"><DocumentProperties xmlns="urn:schemas-microsoft-com:office:office"><Author></Author><LastAuthor></LastAuthor><Created></Created><LastSaved></LastSaved><Company></Company><Version></Version></DocumentProperties><ExcelWorkbook  xmlns="urn:schemas-microsoft-com:office:excel"><ProtectStructure>False</ProtectStructure><ProtectWindows>False</ProtectWindows></ExcelWorkbook><Styles><Style ss:ID="Default" ss:Name="Normal"><Alignment ss:Vertical="Bottom"/><Borders/><Font ss:FontName="Calibri" ss:Size="10"/><Interior/><NumberFormat/><Protection/></Style><Style ss:ID="s1"><Font ss:FontName="Calibri" ss:Bold="1" ss:Size="12"/><NumberFormat/></Style><Style ss:ID="s21"><Alignment ss:Horizontal="Center" ss:Vertical="Bottom"/><NumberFormat/><Font ss:FontName="Calibri" ss:Size="10"/><Borders><Border ss:Position="Top" ss:LineStyle="Continuous" ss:Weight="1"/></Borders></Style><Style ss:ID="s22"><Alignment ss:Horizontal="Center" ss:Vertical="Bottom"/><Font ss:FontName="Calibri" ss:Size="10"/><NumberFormat/></Style><Style ss:ID="s23"><Alignment ss:Horizontal="Center" ss:Vertical="Bottom"/><NumberFormat/><Font ss:FontName="Calibri" ss:Size="10"/><Borders><Border ss:Position="Bottom" ss:LineStyle="Continuous" ss:Weight="1"/></Borders></Style><Style ss:ID="s24"><Font ss:FontName="Calibri" ss:Size="10"/><NumberFormat/></Style><Style ss:ID="s31"><Font ss:FontName="Calibri" ss:Size="10"/><Borders><Border ss:Position="Top" ss:LineStyle="Continuous" ss:Weight="1"/></Borders></Style><Style ss:ID="s32"><Font ss:FontName="Calibri" ss:Size="10"/><Borders/></Style><Style ss:ID="s33"><Font ss:FontName="Calibri" ss:Size="10"/><Borders><Border ss:Position="Bottom" ss:LineStyle="Continuous" ss:Weight="1"/></Borders></Style></Styles><Names></Names><Worksheet ss:Name="Sheet1"><Table ss:ExpandedColumnCount="7" ss:ExpandedRowCount="12" x:FullColumns="1" x:FullRows="1"><Column ss:AutoFitWidth="0" ss:Width="192"/><Column ss:AutoFitWidth="0" ss:Width="58"/><Column ss:AutoFitWidth="0" ss:Width="58"/><Column ss:AutoFitWidth="0" ss:Width="58"/><Column ss:AutoFitWidth="0" ss:Width="58"/><Column ss:AutoFitWidth="0" ss:Width="58"/><Column ss:AutoFitWidth="0" ss:Width="58"/><Row></Row><Row><Cell ss:StyleID="s31"><Data ss:Type="String"></Data></Cell><Cell ss:StyleID="s21"><Data ss:Type="String">(1)</Data></Cell><Cell ss:StyleID="s21"><Data ss:Type="String">(2)</Data></Cell><Cell ss:StyleID="s21"><Data ss:Type="String">(3)</Data></Cell><Cell ss:StyleID="s21"><Data ss:Type="String">(4)</Data></Cell><Cell ss:StyleID="s21"><Data ss:Type="String">(5)</Data></Cell><Cell ss:StyleID="s21"><Data ss:Type="String">(6)</Data></Cell></Row><Row><Cell ss:StyleID="s32"><Data ss:Type="String">VARIABLES</Data></Cell><Cell ss:StyleID="s22"><Data ss:Type="String">Endline. Participates (at least a month May-Dec)</Data></Cell><Cell ss:StyleID="s22"><Data ss:Type="String">Endline. Participates (always)</Data></Cell><Cell ss:StyleID="s22"><Data ss:Type="String">Endline. Months Participating (May-Dec)</Data></Cell><Cell ss:StyleID="s22"><Data ss:Type="String">Endline. Works (at least once a month May-Dec)</Data></Cell><Cell ss:StyleID="s22"><Data ss:Type="String">Endline. Works (always)</Data></Cell><Cell ss:StyleID="s22"><Data ss:Type="String">Endline. Worked Months</Data></Cell></Row><Row><Cell ss:StyleID="s31"><Data ss:Type="String"></Data></Cell><Cell ss:StyleID="s21"><Data ss:Type="String"></Data></Cell><Cell ss:StyleID="s21"><Data ss:Type="String"></Data></Cell><Cell ss:StyleID="s21"><Data ss:Type="String"></Data></Cell><Cell ss:StyleID="s21"><Data ss:Type="String"></Data></Cell><Cell ss:StyleID="s21"><Data ss:Type="String"></Data></Cell><Cell ss:StyleID="s21"><Data ss:Type="String"></Data></Cell></Row><Row><Cell ss:StyleID="s32"><Data ss:Type="String">=1 if treatment=1; 0, otherwise.</Data></Cell><Cell ss:StyleID="s22"><Data ss:Type="String">0.028</Data></Cell><Cell ss:StyleID="s22"><Data ss:Type="String">0.043*</Data></Cell><Cell ss:StyleID="s22"><Data ss:Type="String">0.296*</Data></Cell><Cell ss:StyleID="s22"><Data ss:Type="String">0.034*</Data></Cell><Cell ss:StyleID="s22"><Data ss:Type="String">0.033</Data></Cell><Cell ss:StyleID="s22"><Data ss:Type="String">0.310</Data></Cell></Row><Row><Cell ss:StyleID="s32"><Data ss:Type="String"></Data></Cell><Cell ss:StyleID="s22"><Data ss:Type="String">(0.020)</Data></Cell><Cell ss:StyleID="s22"><Data ss:Type="String">(0.022)</Data></Cell><Cell ss:StyleID="s22"><Data ss:Type="String">(0.155)</Data></Cell><Cell ss:StyleID="s22"><Data ss:Type="String">(0.020)</Data></Cell><Cell ss:StyleID="s22"><Data ss:Type="String">(0.023)</Data></Cell><Cell ss:StyleID="s22"><Data ss:Type="String">(0.199)</Data></Cell></Row><Row><Cell ss:StyleID="s32"><Data ss:Type="String"></Data></Cell><Cell ss:StyleID="s22"><Data ss:Type="String"></Data></Cell><Cell ss:StyleID="s22"><Data ss:Type="String"></Data></Cell><Cell ss:StyleID="s22"><Data ss:Type="String"></Data></Cell><Cell ss:StyleID="s22"><Data ss:Type="String"></Data></Cell><Cell ss:StyleID="s22"><Data ss:Type="String"></Data></Cell><Cell ss:StyleID="s22"><Data ss:Type="String"></Data></Cell></Row><Row><Cell ss:StyleID="s32"><Data ss:Type="String">Observations</Data></Cell><Cell ss:StyleID="s22"><Data ss:Type="String">1,767</Data></Cell><Cell ss:StyleID="s22"><Data ss:Type="String">1,767</Data></Cell><Cell ss:StyleID="s22"><Data ss:Type="String">1,767</Data></Cell><Cell ss:StyleID="s22"><Data ss:Type="String">1,767</Data></Cell><Cell ss:StyleID="s22"><Data ss:Type="String">1,767</Data></Cell><Cell ss:StyleID="s22"><Data ss:Type="String">1,767</Data></Cell></Row><Row><Cell ss:StyleID="s32"><Data ss:Type="String">R-squared</Data></Cell><Cell ss:StyleID="s22"><Data ss:Type="String">0.207</Data></Cell><Cell ss:StyleID="s22"><Data ss:Type="String">0.207</Data></Cell><Cell ss:StyleID="s22"><Data ss:Type="String">0.237</Data></Cell><Cell ss:StyleID="s22"><Data ss:Type="String">0.217</Data></Cell><Cell ss:StyleID="s22"><Data ss:Type="String">0.195</Data></Cell><Cell ss:StyleID="s22"><Data ss:Type="String">0.237</Data></Cell></Row><Row><Cell ss:StyleID="s33"><Data ss:Type="String">Control Mean</Data></Cell><Cell ss:StyleID="s23"><Data ss:Type="String">0.754</Data></Cell><Cell ss:StyleID="s23"><Data ss:Type="String">0.605</Data></Cell><Cell ss:StyleID="s23"><Data ss:Type="String">5.395</Data></Cell><Cell ss:StyleID="s23"><Data ss:Type="String">0.716</Data></Cell><Cell ss:StyleID="s23"><Data ss:Type="String">0.526</Data></Cell><Cell ss:StyleID="s23"><Data ss:Type="String">6.162</Data></Cell></Row><Row><Cell ss:StyleID="s24"><Data ss:Type="String">Robust standard errors in parentheses</Data></Cell></Row><Row><Cell ss:StyleID="s24"><Data ss:Type="String">*** p&lt;0.01, ** p&lt;0.05, * p&lt;0.1</Data></Cell></Row></Table><WorksheetOptions xmlns="urn:schemas-microsoft-com:office:excel"><ProtectedObjects>False</ProtectedObjects><ProtectedScenarios>False</ProtectedScenarios></WorksheetOptions></Worksheet></Workbook>